,ID,Business_Sourced
0,FIN1009528,1.0
1,FIN1009529,0.0
2,FIN1009530,0.0
3,FIN1009531,0.0
4,FIN1009532,0.0
5,FIN1009533,0.0
6,FIN1009534,0.0
7,FIN1009535,0.0
8,FIN1009536,0.0
9,FIN1009537,1.0
10,FIN1009538,0.0
11,FIN1009539,0.0
12,FIN1009540,1.0
13,FIN1009541,0.0
14,FIN1009542,0.0
15,FIN1009543,1.0
16,FIN1009544,0.0
17,FIN1009545,0.0
18,FIN1009546,0.0
19,FIN1009547,0.0
20,FIN1009548,0.0
21,FIN1009549,0.0
22,FIN1009550,1.0
23,FIN1009551,1.0
24,FIN1009552,0.0
25,FIN1009553,0.0
26,FIN1009554,1.0
27,FIN1009555,0.0
28,FIN1009556,1.0
29,FIN1009557,0.0
30,FIN1009558,0.0
31,FIN1009559,1.0
32,FIN1009560,0.0
33,FIN1009561,1.0
34,FIN1009562,0.0
35,FIN1009563,1.0
36,FIN1009564,1.0
37,FIN1009565,0.0
38,FIN1009566,0.0
39,FIN1009567,1.0
40,FIN1009568,0.0
41,FIN1009569,0.0
42,FIN1009570,1.0
43,FIN1009571,0.0
44,FIN1009572,1.0
45,FIN1009573,0.0
46,FIN1009574,0.0
47,FIN1009575,0.0
48,FIN1009576,1.0
49,FIN1009577,0.0
50,FIN1009578,0.0
51,FIN1009579,1.0
52,FIN1009580,1.0
53,FIN1009581,0.0
54,FIN1009582,1.0
55,FIN1009583,1.0
56,FIN1009584,1.0
57,FIN1009585,0.0
58,FIN1009586,0.0
59,FIN1009587,0.0
60,FIN1009588,1.0
61,FIN1009589,0.0
62,FIN1009590,0.0
63,FIN1009591,1.0
64,FIN1009592,0.0
65,FIN1009593,0.0
66,FIN1009594,0.0
67,FIN1009595,0.0
68,FIN1009596,0.0
69,FIN1009597,0.0
70,FIN1009598,1.0
71,FIN1009599,0.0
72,FIN1009600,1.0
73,FIN1009601,0.0
74,FIN1009602,1.0
75,FIN1009603,0.0
76,FIN1009604,1.0
77,FIN1009605,0.0
78,FIN1009606,0.0
79,FIN1009607,0.0
80,FIN1009608,0.0
81,FIN1009609,0.0
82,FIN1009610,0.0
83,FIN1009611,0.0
84,FIN1009612,0.0
85,FIN1009613,1.0
86,FIN1009614,0.0
87,FIN1009615,0.0
88,FIN1009616,0.0
89,FIN1009617,1.0
90,FIN1009618,0.0
91,FIN1009619,0.0
92,FIN1009620,0.0
93,FIN1009621,0.0
94,FIN1009622,1.0
95,FIN1009623,1.0
96,FIN1009624,0.0
97,FIN1009625,0.0
98,FIN1009626,0.0
99,FIN1009627,0.0
100,FIN1009628,1.0
101,FIN1009629,0.0
102,FIN1009630,0.0
103,FIN1009631,1.0
104,FIN1009632,0.0
105,FIN1009633,1.0
106,FIN1009634,0.0
107,FIN1009635,0.0
108,FIN1009636,1.0
109,FIN1009637,0.0
110,FIN1009638,1.0
111,FIN1009639,1.0
112,FIN1009640,1.0
113,FIN1009641,0.0
114,FIN1009642,1.0
115,FIN1009643,0.0
116,FIN1009644,0.0
117,FIN1009645,0.0
118,FIN1009646,0.0
119,FIN1009647,0.0
120,FIN1009648,1.0
121,FIN1009649,0.0
122,FIN1009650,1.0
123,FIN1009651,0.0
124,FIN1009652,1.0
125,FIN1009653,0.0
126,FIN1009654,0.0
127,FIN1009655,0.0
128,FIN1009656,0.0
129,FIN1009657,1.0
130,FIN1009658,1.0
131,FIN1009659,0.0
132,FIN1009660,1.0
133,FIN1009661,0.0
134,FIN1009662,1.0
135,FIN1009663,0.0
136,FIN1009664,0.0
137,FIN1009665,0.0
138,FIN1009666,1.0
139,FIN1009667,0.0
140,FIN1009668,0.0
141,FIN1009669,0.0
142,FIN1009670,1.0
143,FIN1009671,0.0
144,FIN1009672,0.0
145,FIN1009673,0.0
146,FIN1009674,0.0
147,FIN1009675,0.0
148,FIN1009676,0.0
149,FIN1009677,1.0
150,FIN1009678,0.0
151,FIN1009679,0.0
152,FIN1009680,0.0
153,FIN1009681,0.0
154,FIN1009682,0.0
155,FIN1009683,0.0
156,FIN1009684,0.0
157,FIN1009685,0.0
158,FIN1009686,0.0
159,FIN1009687,1.0
160,FIN1009688,0.0
161,FIN1009689,0.0
162,FIN1009690,0.0
163,FIN1009691,0.0
164,FIN1009692,0.0
165,FIN1009693,0.0
166,FIN1009694,0.0
167,FIN1009695,0.0
168,FIN1009696,0.0
169,FIN1009697,0.0
170,FIN1009698,1.0
171,FIN1009699,0.0
172,FIN1009700,0.0
173,FIN1009701,0.0
174,FIN1009702,0.0
175,FIN1009703,0.0
176,FIN1009704,0.0
177,FIN1009705,1.0
178,FIN1009706,0.0
179,FIN1009707,0.0
180,FIN1009708,0.0
181,FIN1009709,0.0
182,FIN1009710,1.0
183,FIN1009711,0.0
184,FIN1009712,0.0
185,FIN1009713,0.0
186,FIN1009714,0.0
187,FIN1009715,0.0
188,FIN1009716,0.0
189,FIN1009717,0.0
190,FIN1009718,0.0
191,FIN1009719,0.0
192,FIN1009720,1.0
193,FIN1009721,0.0
194,FIN1009722,1.0
195,FIN1009723,0.0
196,FIN1009724,0.0
197,FIN1009725,1.0
198,FIN1009726,1.0
199,FIN1009727,1.0
200,FIN1009728,1.0
201,FIN1009729,1.0
202,FIN1009730,0.0
203,FIN1009731,0.0
204,FIN1009732,0.0
205,FIN1009733,0.0
206,FIN1009734,0.0
207,FIN1009735,0.0
208,FIN1009736,0.0
209,FIN1009737,0.0
210,FIN1009738,1.0
211,FIN1009739,0.0
212,FIN1009740,0.0
213,FIN1009741,0.0
214,FIN1009742,1.0
215,FIN1009743,0.0
216,FIN1009744,0.0
217,FIN1009745,0.0
218,FIN1009746,0.0
219,FIN1009747,0.0
220,FIN1009748,0.0
221,FIN1009749,0.0
222,FIN1009750,0.0
223,FIN1009751,1.0
224,FIN1009752,0.0
225,FIN1009753,0.0
226,FIN1009754,1.0
227,FIN1009755,0.0
228,FIN1009756,0.0
229,FIN1009757,1.0
230,FIN1009758,0.0
231,FIN1009759,0.0
232,FIN1009760,0.0
233,FIN1009761,0.0
234,FIN1009762,0.0
235,FIN1009763,0.0
236,FIN1009764,0.0
237,FIN1009765,0.0
238,FIN1009766,0.0
239,FIN1009767,0.0
240,FIN1009768,0.0
241,FIN1009769,0.0
242,FIN1009770,1.0
243,FIN1009771,1.0
244,FIN1009772,0.0
245,FIN1009773,0.0
246,FIN1009774,0.0
247,FIN1009775,0.0
248,FIN1009776,1.0
249,FIN1009777,1.0
250,FIN1009778,0.0
251,FIN1009779,0.0
252,FIN1009780,1.0
253,FIN1009781,0.0
254,FIN1009782,0.0
255,FIN1009783,0.0
256,FIN1009784,0.0
257,FIN1009785,1.0
258,FIN1009786,1.0
259,FIN1009787,0.0
260,FIN1009788,0.0
261,FIN1009789,0.0
262,FIN1009790,0.0
263,FIN1009791,0.0
264,FIN1009792,0.0
265,FIN1009793,0.0
266,FIN1009794,0.0
267,FIN1009795,1.0
268,FIN1009796,0.0
269,FIN1009797,1.0
270,FIN1009798,0.0
271,FIN1009799,0.0
272,FIN1009800,0.0
273,FIN1009801,0.0
274,FIN1009802,0.0
275,FIN1009803,0.0
276,FIN1009804,1.0
277,FIN1009805,1.0
278,FIN1009806,0.0
279,FIN1009807,0.0
280,FIN1009808,0.0
281,FIN1009809,0.0
282,FIN1009810,0.0
283,FIN1009811,1.0
284,FIN1009812,0.0
285,FIN1009813,0.0
286,FIN1009814,0.0
287,FIN1009815,0.0
288,FIN1009816,1.0
289,FIN1009817,1.0
290,FIN1009818,0.0
291,FIN1009819,1.0
292,FIN1009820,1.0
293,FIN1009821,0.0
294,FIN1009822,0.0
295,FIN1009823,0.0
296,FIN1009824,0.0
297,FIN1009825,0.0
298,FIN1009826,0.0
299,FIN1009827,0.0
300,FIN1009828,0.0
301,FIN1009829,0.0
302,FIN1009830,0.0
303,FIN1009831,1.0
304,FIN1009832,0.0
305,FIN1009833,0.0
306,FIN1009834,0.0
307,FIN1009835,1.0
308,FIN1009836,0.0
309,FIN1009837,0.0
310,FIN1009838,0.0
311,FIN1009839,0.0
312,FIN1009840,1.0
313,FIN1009841,1.0
314,FIN1009842,0.0
315,FIN1009843,1.0
316,FIN1009844,0.0
317,FIN1009845,0.0
318,FIN1009846,0.0
319,FIN1009847,0.0
320,FIN1009848,0.0
321,FIN1009849,1.0
322,FIN1009850,0.0
323,FIN1009851,1.0
324,FIN1009852,0.0
325,FIN1009853,0.0
326,FIN1009854,0.0
327,FIN1009855,0.0
328,FIN1009856,0.0
329,FIN1009857,0.0
330,FIN1009858,0.0
331,FIN1009859,0.0
332,FIN1009860,0.0
333,FIN1009861,1.0
334,FIN1009862,0.0
335,FIN1009863,0.0
336,FIN1009864,1.0
337,FIN1009865,1.0
338,FIN1009866,1.0
339,FIN1009867,0.0
340,FIN1009868,0.0
341,FIN1009869,0.0
342,FIN1009870,0.0
343,FIN1009871,0.0
344,FIN1009872,0.0
345,FIN1009873,0.0
346,FIN1009874,0.0
347,FIN1009875,0.0
348,FIN1009876,1.0
349,FIN1009877,1.0
350,FIN1009878,0.0
351,FIN1009879,0.0
352,FIN1009880,0.0
353,FIN1009881,0.0
354,FIN1009882,0.0
355,FIN1009883,0.0
356,FIN1009884,0.0
357,FIN1009885,0.0
358,FIN1009886,0.0
359,FIN1009887,0.0
360,FIN1009888,0.0
361,FIN1009889,0.0
362,FIN1009890,1.0
363,FIN1009891,0.0
364,FIN1009892,0.0
365,FIN1009893,1.0
366,FIN1009894,0.0
367,FIN1009895,0.0
368,FIN1009896,0.0
369,FIN1009897,1.0
370,FIN1009898,0.0
371,FIN1009899,0.0
372,FIN1009900,0.0
373,FIN1009901,0.0
374,FIN1009902,0.0
375,FIN1009903,0.0
376,FIN1009904,0.0
377,FIN1009905,0.0
378,FIN1009906,0.0
379,FIN1009907,1.0
380,FIN1009908,0.0
381,FIN1009909,0.0
382,FIN1009910,0.0
383,FIN1009911,0.0
384,FIN1009912,0.0
385,FIN1009913,0.0
386,FIN1009914,0.0
387,FIN1009915,0.0
388,FIN1009916,1.0
389,FIN1009917,0.0
390,FIN1009918,0.0
391,FIN1009919,0.0
392,FIN1009920,0.0
393,FIN1009921,0.0
394,FIN1009922,0.0
395,FIN1009923,1.0
396,FIN1009924,0.0
397,FIN1009925,0.0
398,FIN1009926,0.0
399,FIN1009927,0.0
400,FIN1009928,0.0
401,FIN1009929,1.0
402,FIN1009930,0.0
403,FIN1009931,0.0
404,FIN1009932,0.0
405,FIN1009933,0.0
406,FIN1009934,0.0
407,FIN1009935,0.0
408,FIN1009936,0.0
409,FIN1009937,0.0
410,FIN1009938,0.0
411,FIN1009939,0.0
412,FIN1009940,0.0
413,FIN1009941,0.0
414,FIN1009942,1.0
415,FIN1009943,0.0
416,FIN1009944,0.0
417,FIN1009945,0.0
418,FIN1009946,0.0
419,FIN1009947,0.0
420,FIN1009948,0.0
421,FIN1009949,0.0
422,FIN1009950,0.0
423,FIN1009951,1.0
424,FIN1009952,0.0
425,FIN1009953,0.0
426,FIN1009954,1.0
427,FIN1009955,1.0
428,FIN1009956,0.0
429,FIN1009957,0.0
430,FIN1009958,0.0
431,FIN1009959,0.0
432,FIN1009960,0.0
433,FIN1009961,0.0
434,FIN1009962,1.0
435,FIN1009963,0.0
436,FIN1009964,0.0
437,FIN1009965,0.0
438,FIN1009966,0.0
439,FIN1009967,0.0
440,FIN1009968,0.0
441,FIN1009969,1.0
442,FIN1009970,0.0
443,FIN1009971,0.0
444,FIN1009972,0.0
445,FIN1009973,1.0
446,FIN1009974,0.0
447,FIN1009975,0.0
448,FIN1009976,0.0
449,FIN1009977,0.0
450,FIN1009978,0.0
451,FIN1009979,1.0
452,FIN1009980,0.0
453,FIN1009981,0.0
454,FIN1009982,0.0
455,FIN1009983,1.0
456,FIN1009984,1.0
457,FIN1009985,1.0
458,FIN1009986,1.0
459,FIN1009987,0.0
460,FIN1009988,1.0
461,FIN1009989,0.0
462,FIN1009990,0.0
463,FIN1009991,0.0
464,FIN1009992,1.0
465,FIN1009993,0.0
466,FIN1009994,1.0
467,FIN1009995,0.0
468,FIN1009996,1.0
469,FIN1009997,0.0
470,FIN1009998,0.0
471,FIN1009999,0.0
472,FIN1010000,1.0
473,FIN1010001,0.0
474,FIN1010002,0.0
475,FIN1010003,0.0
476,FIN1010004,0.0
477,FIN1010005,1.0
478,FIN1010006,0.0
479,FIN1010007,0.0
480,FIN1010008,0.0
481,FIN1010009,0.0
482,FIN1010010,1.0
483,FIN1010011,0.0
484,FIN1010012,0.0
485,FIN1010013,1.0
486,FIN1010014,0.0
487,FIN1010015,0.0
488,FIN1010016,1.0
489,FIN1010017,0.0
490,FIN1010018,1.0
491,FIN1010019,0.0
492,FIN1010020,0.0
493,FIN1010021,0.0
494,FIN1010022,1.0
495,FIN1010023,0.0
496,FIN1010024,0.0
497,FIN1010025,1.0
498,FIN1010026,0.0
499,FIN1010027,0.0
500,FIN1010028,0.0
501,FIN1010029,0.0
502,FIN1010030,0.0
503,FIN1010031,0.0
504,FIN1010032,0.0
505,FIN1010033,1.0
506,FIN1010034,0.0
507,FIN1010035,0.0
508,FIN1010036,0.0
509,FIN1010037,0.0
510,FIN1010038,0.0
511,FIN1010039,1.0
512,FIN1010040,1.0
513,FIN1010041,0.0
514,FIN1010042,0.0
515,FIN1010043,0.0
516,FIN1010044,0.0
517,FIN1010045,0.0
518,FIN1010046,1.0
519,FIN1010047,0.0
520,FIN1010048,1.0
521,FIN1010049,0.0
522,FIN1010050,0.0
523,FIN1010051,0.0
524,FIN1010052,0.0
525,FIN1010053,0.0
526,FIN1010054,1.0
527,FIN1010055,0.0
528,FIN1010056,0.0
529,FIN1010057,1.0
530,FIN1010058,0.0
531,FIN1010059,1.0
532,FIN1010060,0.0
533,FIN1010061,1.0
534,FIN1010062,1.0
535,FIN1010063,0.0
536,FIN1010064,0.0
537,FIN1010065,0.0
538,FIN1010066,0.0
539,FIN1010067,0.0
540,FIN1010068,0.0
541,FIN1010069,0.0
542,FIN1010070,1.0
543,FIN1010071,0.0
544,FIN1010072,0.0
545,FIN1010073,0.0
546,FIN1010074,1.0
547,FIN1010075,1.0
548,FIN1010076,0.0
549,FIN1010077,0.0
550,FIN1010078,0.0
551,FIN1010079,0.0
552,FIN1010080,1.0
553,FIN1010081,0.0
554,FIN1010082,0.0
555,FIN1010083,1.0
556,FIN1010084,1.0
557,FIN1010085,0.0
558,FIN1010086,0.0
559,FIN1010087,0.0
560,FIN1010088,0.0
561,FIN1010089,0.0
562,FIN1010090,0.0
563,FIN1010091,0.0
564,FIN1010092,0.0
565,FIN1010093,0.0
566,FIN1010094,0.0
567,FIN1010095,0.0
568,FIN1010096,0.0
569,FIN1010097,0.0
570,FIN1010098,1.0
571,FIN1010099,0.0
572,FIN1010100,1.0
573,FIN1010101,0.0
574,FIN1010102,1.0
575,FIN1010103,0.0
576,FIN1010104,0.0
577,FIN1010105,0.0
578,FIN1010106,0.0
579,FIN1010107,0.0
580,FIN1010108,0.0
581,FIN1010109,0.0
582,FIN1010110,0.0
583,FIN1010111,0.0
584,FIN1010112,0.0
585,FIN1010113,0.0
586,FIN1010114,0.0
587,FIN1010115,0.0
588,FIN1010116,0.0
589,FIN1010117,0.0
590,FIN1010118,1.0
591,FIN1010119,0.0
592,FIN1010120,0.0
593,FIN1010121,0.0
594,FIN1010122,0.0
595,FIN1010123,1.0
596,FIN1010124,1.0
597,FIN1010125,0.0
598,FIN1010126,1.0
599,FIN1010127,0.0
600,FIN1010128,0.0
601,FIN1010129,0.0
602,FIN1010130,1.0
603,FIN1010131,1.0
604,FIN1010132,1.0
605,FIN1010133,0.0
606,FIN1010134,0.0
607,FIN1010135,0.0
608,FIN1010136,0.0
609,FIN1010137,1.0
610,FIN1010138,0.0
611,FIN1010139,0.0
612,FIN1010140,1.0
613,FIN1010141,1.0
614,FIN1010142,0.0
615,FIN1010143,0.0
616,FIN1010144,1.0
617,FIN1010145,0.0
618,FIN1010146,0.0
619,FIN1010147,0.0
620,FIN1010148,1.0
621,FIN1010149,0.0
622,FIN1010150,1.0
623,FIN1010151,0.0
624,FIN1010152,1.0
625,FIN1010153,0.0
626,FIN1010154,0.0
627,FIN1010155,0.0
628,FIN1010156,0.0
629,FIN1010157,0.0
630,FIN1010158,0.0
631,FIN1010159,1.0
632,FIN1010160,0.0
633,FIN1010161,0.0
634,FIN1010162,0.0
635,FIN1010163,0.0
636,FIN1010164,0.0
637,FIN1010165,0.0
638,FIN1010166,0.0
639,FIN1010167,1.0
640,FIN1010168,0.0
641,FIN1010169,0.0
642,FIN1010170,0.0
643,FIN1010171,1.0
644,FIN1010172,0.0
645,FIN1010173,1.0
646,FIN1010174,0.0
647,FIN1010175,0.0
648,FIN1010176,0.0
649,FIN1010177,0.0
650,FIN1010178,1.0
651,FIN1010179,0.0
652,FIN1010180,0.0
653,FIN1010181,0.0
654,FIN1010182,1.0
655,FIN1010183,1.0
656,FIN1010184,0.0
657,FIN1010185,1.0
658,FIN1010186,1.0
659,FIN1010187,0.0
660,FIN1010188,0.0
661,FIN1010189,0.0
662,FIN1010190,0.0
663,FIN1010191,0.0
664,FIN1010192,0.0
665,FIN1010193,0.0
666,FIN1010194,0.0
667,FIN1010195,0.0
668,FIN1010196,1.0
669,FIN1010197,1.0
670,FIN1010198,0.0
671,FIN1010199,0.0
672,FIN1010200,0.0
673,FIN1010201,0.0
674,FIN1010202,0.0
675,FIN1010203,0.0
676,FIN1010204,0.0
677,FIN1010205,0.0
678,FIN1010206,0.0
679,FIN1010207,1.0
680,FIN1010208,0.0
681,FIN1010209,0.0
682,FIN1010210,0.0
683,FIN1010211,0.0
684,FIN1010212,0.0
685,FIN1010213,0.0
686,FIN1010214,0.0
687,FIN1010215,0.0
688,FIN1010216,0.0
689,FIN1010217,0.0
690,FIN1010218,0.0
691,FIN1010219,0.0
692,FIN1010220,0.0
693,FIN1010221,1.0
694,FIN1010222,0.0
695,FIN1010223,0.0
696,FIN1010224,1.0
697,FIN1010225,1.0
698,FIN1010226,0.0
699,FIN1010227,0.0
700,FIN1010228,0.0
701,FIN1010229,0.0
702,FIN1010230,0.0
703,FIN1010231,0.0
704,FIN1010232,1.0
705,FIN1010233,0.0
706,FIN1010234,0.0
707,FIN1010235,1.0
708,FIN1010236,0.0
709,FIN1010237,0.0
710,FIN1010238,0.0
711,FIN1010239,0.0
712,FIN1010240,0.0
713,FIN1010241,0.0
714,FIN1010242,0.0
715,FIN1010243,1.0
716,FIN1010244,0.0
717,FIN1010245,0.0
718,FIN1010246,0.0
719,FIN1010247,1.0
720,FIN1010248,0.0
721,FIN1010249,0.0
722,FIN1010250,1.0
723,FIN1010251,0.0
724,FIN1010252,0.0
725,FIN1010253,0.0
726,FIN1010254,1.0
727,FIN1010255,0.0
728,FIN1010256,0.0
729,FIN1010257,0.0
730,FIN1010258,0.0
731,FIN1010259,1.0
732,FIN1010260,0.0
733,FIN1010261,0.0
734,FIN1010262,0.0
735,FIN1010263,0.0
736,FIN1010264,1.0
737,FIN1010265,0.0
738,FIN1010266,0.0
739,FIN1010267,0.0
740,FIN1010268,1.0
741,FIN1010269,1.0
742,FIN1010270,0.0
743,FIN1010271,0.0
744,FIN1010272,1.0
745,FIN1010273,1.0
746,FIN1010274,0.0
747,FIN1010275,0.0
748,FIN1010276,0.0
749,FIN1010277,0.0
750,FIN1010278,0.0
751,FIN1010279,1.0
752,FIN1010280,1.0
753,FIN1010281,0.0
754,FIN1010282,0.0
755,FIN1010283,0.0
756,FIN1010284,0.0
757,FIN1010285,0.0
758,FIN1010286,1.0
759,FIN1010287,1.0
760,FIN1010288,0.0
761,FIN1010289,1.0
762,FIN1010290,0.0
763,FIN1010291,0.0
764,FIN1010292,1.0
765,FIN1010293,1.0
766,FIN1010294,0.0
767,FIN1010295,1.0
768,FIN1010296,0.0
769,FIN1010297,0.0
770,FIN1010298,1.0
771,FIN1010299,1.0
772,FIN1010300,1.0
773,FIN1010301,0.0
774,FIN1010302,0.0
775,FIN1010303,0.0
776,FIN1010304,1.0
777,FIN1010305,1.0
778,FIN1010306,0.0
779,FIN1010307,1.0
780,FIN1010308,0.0
781,FIN1010309,0.0
782,FIN1010310,0.0
783,FIN1010311,1.0
784,FIN1010312,0.0
785,FIN1010313,0.0
786,FIN1010314,0.0
787,FIN1010315,1.0
788,FIN1010316,0.0
789,FIN1010317,0.0
790,FIN1010318,0.0
791,FIN1010319,0.0
792,FIN1010320,0.0
793,FIN1010321,0.0
794,FIN1010322,1.0
795,FIN1010323,0.0
796,FIN1010324,0.0
797,FIN1010325,0.0
798,FIN1010326,0.0
799,FIN1010327,0.0
800,FIN1010328,0.0
801,FIN1010329,0.0
802,FIN1010330,0.0
803,FIN1010331,0.0
804,FIN1010332,0.0
805,FIN1010333,0.0
806,FIN1010334,1.0
807,FIN1010335,0.0
808,FIN1010336,0.0
809,FIN1010337,0.0
810,FIN1010338,0.0
811,FIN1010339,0.0
812,FIN1010340,0.0
813,FIN1010341,1.0
814,FIN1010342,1.0
815,FIN1010343,0.0
816,FIN1010344,0.0
817,FIN1010345,1.0
818,FIN1010346,0.0
819,FIN1010347,0.0
820,FIN1010348,0.0
821,FIN1010349,0.0
822,FIN1010350,0.0
823,FIN1010351,0.0
824,FIN1010352,0.0
825,FIN1010353,0.0
826,FIN1010354,0.0
827,FIN1010355,0.0
828,FIN1010356,0.0
829,FIN1010357,1.0
830,FIN1010358,1.0
831,FIN1010359,1.0
832,FIN1010360,1.0
833,FIN1010361,0.0
834,FIN1010362,0.0
835,FIN1010363,0.0
836,FIN1010364,0.0
837,FIN1010365,0.0
838,FIN1010366,0.0
839,FIN1010367,1.0
840,FIN1010368,0.0
841,FIN1010369,0.0
842,FIN1010370,0.0
843,FIN1010371,0.0
844,FIN1010372,0.0
845,FIN1010373,0.0
846,FIN1010374,0.0
847,FIN1010375,0.0
848,FIN1010376,1.0
849,FIN1010377,0.0
850,FIN1010378,0.0
851,FIN1010379,0.0
852,FIN1010380,1.0
853,FIN1010381,0.0
854,FIN1010382,0.0
855,FIN1010383,1.0
856,FIN1010384,0.0
857,FIN1010385,0.0
858,FIN1010386,1.0
859,FIN1010387,1.0
860,FIN1010388,1.0
861,FIN1010389,0.0
862,FIN1010390,0.0
863,FIN1010391,1.0
864,FIN1010392,0.0
865,FIN1010393,0.0
866,FIN1010394,1.0
867,FIN1010395,0.0
868,FIN1010396,1.0
869,FIN1010397,0.0
870,FIN1010398,0.0
871,FIN1010399,1.0
872,FIN1010400,0.0
873,FIN1010401,0.0
874,FIN1010402,0.0
875,FIN1010403,1.0
876,FIN1010404,0.0
877,FIN1010405,1.0
878,FIN1010406,0.0
879,FIN1010407,1.0
880,FIN1010408,1.0
881,FIN1010409,0.0
882,FIN1010410,0.0
883,FIN1010411,0.0
884,FIN1010412,0.0
885,FIN1010413,1.0
886,FIN1010414,0.0
887,FIN1010415,0.0
888,FIN1010416,1.0
889,FIN1010417,0.0
890,FIN1010418,0.0
891,FIN1010419,0.0
892,FIN1010420,1.0
893,FIN1010421,0.0
894,FIN1010422,1.0
895,FIN1010423,1.0
896,FIN1010424,0.0
897,FIN1010425,0.0
898,FIN1010426,1.0
899,FIN1010427,1.0
900,FIN1010428,0.0
901,FIN1010429,1.0
902,FIN1010430,0.0
903,FIN1010431,0.0
904,FIN1010432,0.0
905,FIN1010433,0.0
906,FIN1010434,0.0
907,FIN1010435,0.0
908,FIN1010436,0.0
909,FIN1010437,0.0
910,FIN1010438,0.0
911,FIN1010439,1.0
912,FIN1010440,0.0
913,FIN1010441,0.0
914,FIN1010442,0.0
915,FIN1010443,0.0
916,FIN1010444,0.0
917,FIN1010445,0.0
918,FIN1010446,1.0
919,FIN1010447,0.0
920,FIN1010448,0.0
921,FIN1010449,0.0
922,FIN1010450,0.0
923,FIN1010451,1.0
924,FIN1010452,1.0
925,FIN1010453,0.0
926,FIN1010454,1.0
927,FIN1010455,0.0
928,FIN1010456,0.0
929,FIN1010457,0.0
930,FIN1010458,0.0
931,FIN1010459,0.0
932,FIN1010460,1.0
933,FIN1010461,0.0
934,FIN1010462,0.0
935,FIN1010463,1.0
936,FIN1010464,0.0
937,FIN1010465,0.0
938,FIN1010466,0.0
939,FIN1010467,1.0
940,FIN1010468,0.0
941,FIN1010469,0.0
942,FIN1010470,1.0
943,FIN1010471,0.0
944,FIN1010472,0.0
945,FIN1010473,0.0
946,FIN1010474,0.0
947,FIN1010475,0.0
948,FIN1010476,0.0
949,FIN1010477,1.0
950,FIN1010478,0.0
951,FIN1010479,0.0
952,FIN1010480,0.0
953,FIN1010481,0.0
954,FIN1010482,1.0
955,FIN1010483,0.0
956,FIN1010484,0.0
957,FIN1010485,0.0
958,FIN1010486,1.0
959,FIN1010487,1.0
960,FIN1010488,1.0
961,FIN1010489,0.0
962,FIN1010490,0.0
963,FIN1010491,0.0
964,FIN1010492,0.0
965,FIN1010493,0.0
966,FIN1010494,1.0
967,FIN1010495,1.0
968,FIN1010496,0.0
969,FIN1010497,0.0
970,FIN1010498,0.0
971,FIN1010499,0.0
972,FIN1010500,1.0
973,FIN1010501,0.0
974,FIN1010502,1.0
975,FIN1010503,0.0
976,FIN1010504,1.0
977,FIN1010505,0.0
978,FIN1010506,0.0
979,FIN1010507,0.0
980,FIN1010508,0.0
981,FIN1010509,0.0
982,FIN1010510,0.0
983,FIN1010511,0.0
984,FIN1010512,1.0
985,FIN1010513,1.0
986,FIN1010514,1.0
987,FIN1010515,0.0
988,FIN1010516,1.0
989,FIN1010517,1.0
990,FIN1010518,1.0
991,FIN1010519,1.0
992,FIN1010520,0.0
993,FIN1010521,0.0
994,FIN1010522,0.0
995,FIN1010523,0.0
996,FIN1010524,1.0
997,FIN1010525,0.0
998,FIN1010526,0.0
999,FIN1010527,0.0
1000,FIN1010528,0.0
1001,FIN1010529,0.0
1002,FIN1010530,0.0
1003,FIN1010531,0.0
1004,FIN1010532,0.0
1005,FIN1010533,0.0
1006,FIN1010534,1.0
1007,FIN1010535,1.0
1008,FIN1010536,0.0
1009,FIN1010537,0.0
1010,FIN1010538,0.0
1011,FIN1010539,0.0
1012,FIN1010540,1.0
1013,FIN1010541,1.0
1014,FIN1010542,1.0
1015,FIN1010543,0.0
1016,FIN1010544,0.0
1017,FIN1010545,0.0
1018,FIN1010546,0.0
1019,FIN1010547,0.0
1020,FIN1010548,0.0
1021,FIN1010549,1.0
1022,FIN1010550,0.0
1023,FIN1010551,1.0
1024,FIN1010552,0.0
1025,FIN1010553,0.0
1026,FIN1010554,0.0
1027,FIN1010555,0.0
1028,FIN1010556,0.0
1029,FIN1010557,0.0
1030,FIN1010558,0.0
1031,FIN1010559,0.0
1032,FIN1010560,0.0
1033,FIN1010561,1.0
1034,FIN1010562,0.0
1035,FIN1010563,1.0
1036,FIN1010564,0.0
1037,FIN1010565,0.0
1038,FIN1010566,0.0
1039,FIN1010567,0.0
1040,FIN1010568,0.0
1041,FIN1010569,0.0
1042,FIN1010570,0.0
1043,FIN1010571,1.0
1044,FIN1010572,1.0
1045,FIN1010573,0.0
1046,FIN1010574,0.0
1047,FIN1010575,0.0
1048,FIN1010576,0.0
1049,FIN1010577,0.0
1050,FIN1010578,0.0
1051,FIN1010579,1.0
1052,FIN1010580,0.0
1053,FIN1010581,0.0
1054,FIN1010582,0.0
1055,FIN1010583,1.0
1056,FIN1010584,0.0
1057,FIN1010585,1.0
1058,FIN1010586,0.0
1059,FIN1010587,0.0
1060,FIN1010588,0.0
1061,FIN1010589,0.0
1062,FIN1010590,0.0
1063,FIN1010591,0.0
1064,FIN1010592,0.0
1065,FIN1010593,0.0
1066,FIN1010594,1.0
1067,FIN1010595,0.0
1068,FIN1010596,0.0
1069,FIN1010597,0.0
1070,FIN1010598,0.0
1071,FIN1010599,0.0
1072,FIN1010600,1.0
1073,FIN1010601,1.0
1074,FIN1010602,0.0
1075,FIN1010603,0.0
1076,FIN1010604,0.0
1077,FIN1010605,1.0
1078,FIN1010606,0.0
1079,FIN1010607,0.0
1080,FIN1010608,0.0
1081,FIN1010609,1.0
1082,FIN1010610,0.0
1083,FIN1010611,1.0
1084,FIN1010612,0.0
1085,FIN1010613,0.0
1086,FIN1010614,0.0
1087,FIN1010615,1.0
1088,FIN1010616,0.0
1089,FIN1010617,0.0
1090,FIN1010618,0.0
1091,FIN1010619,0.0
1092,FIN1010620,0.0
1093,FIN1010621,1.0
1094,FIN1010622,1.0
1095,FIN1010623,0.0
1096,FIN1010624,0.0
1097,FIN1010625,0.0
1098,FIN1010626,0.0
1099,FIN1010627,1.0
1100,FIN1010628,1.0
1101,FIN1010629,0.0
1102,FIN1010630,0.0
1103,FIN1010631,0.0
1104,FIN1010632,1.0
1105,FIN1010633,0.0
1106,FIN1010634,0.0
1107,FIN1010635,1.0
1108,FIN1010636,0.0
1109,FIN1010637,0.0
1110,FIN1010638,0.0
1111,FIN1010639,0.0
1112,FIN1010640,0.0
1113,FIN1010641,0.0
1114,FIN1010642,0.0
1115,FIN1010643,1.0
1116,FIN1010644,0.0
1117,FIN1010645,0.0
1118,FIN1010646,0.0
1119,FIN1010647,0.0
1120,FIN1010648,0.0
1121,FIN1010649,0.0
1122,FIN1010650,0.0
1123,FIN1010651,0.0
1124,FIN1010652,0.0
1125,FIN1010653,0.0
1126,FIN1010654,0.0
1127,FIN1010655,0.0
1128,FIN1010656,0.0
1129,FIN1010657,0.0
1130,FIN1010658,0.0
1131,FIN1010659,0.0
1132,FIN1010660,0.0
1133,FIN1010661,0.0
1134,FIN1010662,0.0
1135,FIN1010663,0.0
1136,FIN1010664,0.0
1137,FIN1010665,0.0
1138,FIN1010666,0.0
1139,FIN1010667,0.0
1140,FIN1010668,0.0
1141,FIN1010669,1.0
1142,FIN1010670,0.0
1143,FIN1010671,0.0
1144,FIN1010672,0.0
1145,FIN1010673,0.0
1146,FIN1010674,0.0
1147,FIN1010675,0.0
1148,FIN1010676,0.0
1149,FIN1010677,0.0
1150,FIN1010678,0.0
1151,FIN1010679,0.0
1152,FIN1010680,1.0
1153,FIN1010681,1.0
1154,FIN1010682,0.0
1155,FIN1010683,0.0
1156,FIN1010684,0.0
1157,FIN1010685,1.0
1158,FIN1010686,1.0
1159,FIN1010687,0.0
1160,FIN1010688,0.0
1161,FIN1010689,1.0
1162,FIN1010690,0.0
1163,FIN1010691,0.0
1164,FIN1010692,1.0
1165,FIN1010693,0.0
1166,FIN1010694,1.0
1167,FIN1010695,1.0
1168,FIN1010696,0.0
1169,FIN1010697,0.0
1170,FIN1010698,0.0
1171,FIN1010699,0.0
1172,FIN1010700,0.0
1173,FIN1010701,0.0
1174,FIN1010702,0.0
1175,FIN1010703,1.0
1176,FIN1010704,0.0
1177,FIN1010705,1.0
1178,FIN1010706,0.0
1179,FIN1010707,0.0
1180,FIN1010708,0.0
1181,FIN1010709,0.0
1182,FIN1010710,1.0
1183,FIN1010711,1.0
1184,FIN1010712,0.0
1185,FIN1010713,0.0
1186,FIN1010714,0.0
1187,FIN1010715,0.0
1188,FIN1010716,0.0
1189,FIN1010717,0.0
1190,FIN1010718,0.0
1191,FIN1010719,1.0
1192,FIN1010720,0.0
1193,FIN1010721,0.0
1194,FIN1010722,0.0
1195,FIN1010723,0.0
1196,FIN1010724,1.0
1197,FIN1010725,0.0
1198,FIN1010726,0.0
1199,FIN1010727,0.0
1200,FIN1010728,1.0
1201,FIN1010729,0.0
1202,FIN1010730,0.0
1203,FIN1010731,0.0
1204,FIN1010732,0.0
1205,FIN1010733,0.0
1206,FIN1010734,0.0
1207,FIN1010735,0.0
1208,FIN1010736,1.0
1209,FIN1010737,0.0
1210,FIN1010738,0.0
1211,FIN1010739,0.0
1212,FIN1010740,1.0
1213,FIN1010741,0.0
1214,FIN1010742,0.0
1215,FIN1010743,0.0
1216,FIN1010744,1.0
1217,FIN1010745,0.0
1218,FIN1010746,0.0
1219,FIN1010747,1.0
1220,FIN1010748,0.0
1221,FIN1010749,0.0
1222,FIN1010750,1.0
1223,FIN1010751,0.0
1224,FIN1010752,1.0
1225,FIN1010753,0.0
1226,FIN1010754,0.0
1227,FIN1010755,0.0
1228,FIN1010756,0.0
1229,FIN1010757,0.0
1230,FIN1010758,0.0
1231,FIN1010759,0.0
1232,FIN1010760,1.0
1233,FIN1010761,0.0
1234,FIN1010762,0.0
1235,FIN1010763,0.0
1236,FIN1010764,0.0
1237,FIN1010765,0.0
1238,FIN1010766,0.0
1239,FIN1010767,0.0
1240,FIN1010768,0.0
1241,FIN1010769,0.0
1242,FIN1010770,0.0
1243,FIN1010771,1.0
1244,FIN1010772,0.0
1245,FIN1010773,0.0
1246,FIN1010774,0.0
1247,FIN1010775,0.0
1248,FIN1010776,1.0
1249,FIN1010777,0.0
1250,FIN1010778,0.0
1251,FIN1010779,1.0
1252,FIN1010780,0.0
1253,FIN1010781,0.0
1254,FIN1010782,0.0
1255,FIN1010783,0.0
1256,FIN1010784,0.0
1257,FIN1010785,0.0
1258,FIN1010786,1.0
1259,FIN1010787,0.0
1260,FIN1010788,0.0
1261,FIN1010789,0.0
1262,FIN1010790,0.0
1263,FIN1010791,0.0
1264,FIN1010792,0.0
1265,FIN1010793,0.0
1266,FIN1010794,1.0
1267,FIN1010795,0.0
1268,FIN1010796,0.0
1269,FIN1010797,0.0
1270,FIN1010798,0.0
1271,FIN1010799,0.0
1272,FIN1010800,0.0
1273,FIN1010801,0.0
1274,FIN1010802,0.0
1275,FIN1010803,0.0
1276,FIN1010804,1.0
1277,FIN1010805,0.0
1278,FIN1010806,1.0
1279,FIN1010807,0.0
1280,FIN1010808,1.0
1281,FIN1010809,0.0
1282,FIN1010810,1.0
1283,FIN1010811,0.0
1284,FIN1010812,0.0
1285,FIN1010813,0.0
1286,FIN1010814,0.0
1287,FIN1010815,1.0
1288,FIN1010816,0.0
1289,FIN1010817,0.0
1290,FIN1010818,0.0
1291,FIN1010819,0.0
1292,FIN1010820,0.0
1293,FIN1010821,0.0
1294,FIN1010822,1.0
1295,FIN1010823,0.0
1296,FIN1010824,0.0
1297,FIN1010825,0.0
1298,FIN1010826,0.0
1299,FIN1010827,0.0
1300,FIN1010828,0.0
1301,FIN1010829,0.0
1302,FIN1010830,0.0
1303,FIN1010831,1.0
1304,FIN1010832,0.0
1305,FIN1010833,0.0
1306,FIN1010834,1.0
1307,FIN1010835,0.0
1308,FIN1010836,1.0
1309,FIN1010837,0.0
1310,FIN1010838,0.0
1311,FIN1010839,0.0
1312,FIN1010840,0.0
1313,FIN1010841,0.0
1314,FIN1010842,0.0
1315,FIN1010843,1.0
1316,FIN1010844,0.0
1317,FIN1010845,1.0
1318,FIN1010846,0.0
1319,FIN1010847,1.0
1320,FIN1010848,0.0
1321,FIN1010849,1.0
1322,FIN1010850,0.0
1323,FIN1010851,0.0
1324,FIN1010852,0.0
1325,FIN1010853,1.0
1326,FIN1010854,0.0
1327,FIN1010855,0.0
1328,FIN1010856,0.0
1329,FIN1010857,0.0
1330,FIN1010858,0.0
1331,FIN1010859,0.0
1332,FIN1010860,0.0
1333,FIN1010861,0.0
1334,FIN1010862,0.0
1335,FIN1010863,1.0
1336,FIN1010864,0.0
1337,FIN1010865,0.0
1338,FIN1010866,1.0
1339,FIN1010867,1.0
1340,FIN1010868,0.0
1341,FIN1010869,0.0
1342,FIN1010870,1.0
1343,FIN1010871,0.0
1344,FIN1010872,0.0
1345,FIN1010873,1.0
1346,FIN1010874,0.0
1347,FIN1010875,1.0
1348,FIN1010876,0.0
1349,FIN1010877,0.0
1350,FIN1010878,0.0
1351,FIN1010879,0.0
1352,FIN1010880,1.0
1353,FIN1010881,1.0
1354,FIN1010882,0.0
1355,FIN1010883,0.0
1356,FIN1010884,0.0
1357,FIN1010885,0.0
1358,FIN1010886,0.0
1359,FIN1010887,0.0
1360,FIN1010888,0.0
1361,FIN1010889,0.0
1362,FIN1010890,1.0
1363,FIN1010891,0.0
1364,FIN1010892,0.0
1365,FIN1010893,0.0
1366,FIN1010894,0.0
1367,FIN1010895,0.0
1368,FIN1010896,0.0
1369,FIN1010897,0.0
1370,FIN1010898,0.0
1371,FIN1010899,0.0
1372,FIN1010900,0.0
1373,FIN1010901,1.0
1374,FIN1010902,0.0
1375,FIN1010903,0.0
1376,FIN1010904,1.0
1377,FIN1010905,1.0
1378,FIN1010906,0.0
1379,FIN1010907,0.0
1380,FIN1010908,0.0
1381,FIN1010909,0.0
1382,FIN1010910,0.0
1383,FIN1010911,1.0
1384,FIN1010912,0.0
1385,FIN1010913,0.0
1386,FIN1010914,1.0
1387,FIN1010915,1.0
1388,FIN1010916,0.0
1389,FIN1010917,0.0
1390,FIN1010918,1.0
1391,FIN1010919,0.0
1392,FIN1010920,0.0
1393,FIN1010921,0.0
1394,FIN1010922,0.0
1395,FIN1010923,1.0
1396,FIN1010924,0.0
1397,FIN1010925,0.0
1398,FIN1010926,0.0
1399,FIN1010927,1.0
1400,FIN1010928,0.0
1401,FIN1010929,0.0
1402,FIN1010930,0.0
1403,FIN1010931,0.0
1404,FIN1010932,0.0
1405,FIN1010933,1.0
1406,FIN1010934,1.0
1407,FIN1010935,0.0
1408,FIN1010936,0.0
1409,FIN1010937,0.0
1410,FIN1010938,0.0
1411,FIN1010939,1.0
1412,FIN1010940,0.0
1413,FIN1010941,1.0
1414,FIN1010942,1.0
1415,FIN1010943,0.0
1416,FIN1010944,0.0
1417,FIN1010945,0.0
1418,FIN1010946,0.0
1419,FIN1010947,0.0
1420,FIN1010948,0.0
1421,FIN1010949,1.0
1422,FIN1010950,0.0
1423,FIN1010951,1.0
1424,FIN1010952,0.0
1425,FIN1010953,0.0
1426,FIN1010954,1.0
1427,FIN1010955,0.0
1428,FIN1010956,0.0
1429,FIN1010957,0.0
1430,FIN1010958,1.0
1431,FIN1010959,0.0
1432,FIN1010960,0.0
1433,FIN1010961,0.0
1434,FIN1010962,1.0
1435,FIN1010963,1.0
1436,FIN1010964,0.0
1437,FIN1010965,0.0
1438,FIN1010966,0.0
1439,FIN1010967,0.0
1440,FIN1010968,0.0
1441,FIN1010969,1.0
1442,FIN1010970,0.0
1443,FIN1010971,1.0
1444,FIN1010972,0.0
1445,FIN1010973,0.0
1446,FIN1010974,0.0
1447,FIN1010975,0.0
1448,FIN1010976,0.0
1449,FIN1010977,0.0
1450,FIN1010978,0.0
1451,FIN1010979,0.0
1452,FIN1010980,1.0
1453,FIN1010981,0.0
1454,FIN1010982,0.0
1455,FIN1010983,1.0
1456,FIN1010984,0.0
1457,FIN1010985,0.0
1458,FIN1010986,1.0
1459,FIN1010987,1.0
1460,FIN1010988,1.0
1461,FIN1010989,0.0
1462,FIN1010990,0.0
1463,FIN1010991,0.0
1464,FIN1010992,0.0
1465,FIN1010993,0.0
1466,FIN1010994,0.0
1467,FIN1010995,0.0
1468,FIN1010996,0.0
1469,FIN1010997,0.0
1470,FIN1010998,1.0
1471,FIN1010999,0.0
1472,FIN1011000,0.0
1473,FIN1011001,0.0
1474,FIN1011002,1.0
1475,FIN1011003,0.0
1476,FIN1011004,0.0
1477,FIN1011005,0.0
1478,FIN1011006,0.0
1479,FIN1011007,1.0
1480,FIN1011008,1.0
1481,FIN1011009,1.0
1482,FIN1011010,1.0
1483,FIN1011011,1.0
1484,FIN1011012,1.0
1485,FIN1011013,0.0
1486,FIN1011014,0.0
1487,FIN1011015,0.0
1488,FIN1011016,0.0
1489,FIN1011017,0.0
1490,FIN1011018,0.0
1491,FIN1011019,0.0
1492,FIN1011020,1.0
1493,FIN1011021,0.0
1494,FIN1011022,0.0
1495,FIN1011023,0.0
1496,FIN1011024,1.0
1497,FIN1011025,0.0
1498,FIN1011026,0.0
1499,FIN1011027,0.0
1500,FIN1011028,0.0
1501,FIN1011029,1.0
1502,FIN1011030,0.0
1503,FIN1011031,1.0
1504,FIN1011032,0.0
1505,FIN1011033,1.0
1506,FIN1011034,0.0
1507,FIN1011035,0.0
1508,FIN1011036,0.0
1509,FIN1011037,0.0
1510,FIN1011038,0.0
1511,FIN1011039,0.0
1512,FIN1011040,0.0
1513,FIN1011041,0.0
1514,FIN1011042,0.0
1515,FIN1011043,1.0
1516,FIN1011044,0.0
1517,FIN1011045,0.0
1518,FIN1011046,0.0
1519,FIN1011047,0.0
1520,FIN1011048,1.0
1521,FIN1011049,0.0
1522,FIN1011050,0.0
1523,FIN1011051,0.0
1524,FIN1011052,0.0
1525,FIN1011053,0.0
1526,FIN1011054,0.0
1527,FIN1011055,0.0
1528,FIN1011056,0.0
1529,FIN1011057,1.0
1530,FIN1011058,0.0
1531,FIN1011059,0.0
1532,FIN1011060,0.0
1533,FIN1011061,0.0
1534,FIN1011062,0.0
1535,FIN1011063,1.0
1536,FIN1011064,0.0
1537,FIN1011065,0.0
1538,FIN1011066,0.0
1539,FIN1011067,1.0
1540,FIN1011068,0.0
1541,FIN1011069,1.0
1542,FIN1011070,1.0
1543,FIN1011071,1.0
1544,FIN1011072,0.0
1545,FIN1011073,0.0
1546,FIN1011074,0.0
1547,FIN1011075,0.0
1548,FIN1011076,0.0
1549,FIN1011077,0.0
1550,FIN1011078,0.0
1551,FIN1011079,0.0
1552,FIN1011080,0.0
1553,FIN1011081,0.0
1554,FIN1011082,0.0
1555,FIN1011083,1.0
1556,FIN1011084,0.0
1557,FIN1011085,0.0
1558,FIN1011086,0.0
1559,FIN1011087,0.0
1560,FIN1011088,1.0
1561,FIN1011089,0.0
1562,FIN1011090,1.0
1563,FIN1011091,1.0
1564,FIN1011092,0.0
1565,FIN1011093,1.0
1566,FIN1011094,0.0
1567,FIN1011095,0.0
1568,FIN1011096,0.0
1569,FIN1011097,0.0
1570,FIN1011098,1.0
1571,FIN1011099,1.0
1572,FIN1011100,0.0
1573,FIN1011101,0.0
1574,FIN1011102,1.0
1575,FIN1011103,0.0
1576,FIN1011104,1.0
1577,FIN1011105,1.0
1578,FIN1011106,0.0
1579,FIN1011107,0.0
1580,FIN1011108,0.0
1581,FIN1011109,1.0
1582,FIN1011110,0.0
1583,FIN1011111,1.0
1584,FIN1011112,0.0
1585,FIN1011113,1.0
1586,FIN1011114,0.0
1587,FIN1011115,1.0
1588,FIN1011116,0.0
1589,FIN1011117,1.0
1590,FIN1011118,0.0
1591,FIN1011119,1.0
1592,FIN1011120,0.0
1593,FIN1011121,0.0
1594,FIN1011122,0.0
1595,FIN1011123,1.0
1596,FIN1011124,1.0
1597,FIN1011125,0.0
1598,FIN1011126,0.0
1599,FIN1011127,0.0
1600,FIN1011128,0.0
1601,FIN1011129,0.0
1602,FIN1011130,1.0
1603,FIN1011131,1.0
1604,FIN1011132,0.0
1605,FIN1011133,0.0
1606,FIN1011134,0.0
1607,FIN1011135,1.0
1608,FIN1011136,0.0
1609,FIN1011137,1.0
1610,FIN1011138,0.0
1611,FIN1011139,0.0
1612,FIN1011140,1.0
1613,FIN1011141,0.0
1614,FIN1011142,0.0
1615,FIN1011143,1.0
1616,FIN1011144,0.0
1617,FIN1011145,0.0
1618,FIN1011146,0.0
1619,FIN1011147,0.0
1620,FIN1011148,0.0
1621,FIN1011149,1.0
1622,FIN1011150,0.0
1623,FIN1011151,0.0
1624,FIN1011152,0.0
1625,FIN1011153,0.0
1626,FIN1011154,1.0
1627,FIN1011155,1.0
1628,FIN1011156,0.0
1629,FIN1011157,0.0
1630,FIN1011158,0.0
1631,FIN1011159,1.0
1632,FIN1011160,0.0
1633,FIN1011161,0.0
1634,FIN1011162,0.0
1635,FIN1011163,0.0
1636,FIN1011164,0.0
1637,FIN1011165,1.0
1638,FIN1011166,0.0
1639,FIN1011167,0.0
1640,FIN1011168,1.0
1641,FIN1011169,0.0
1642,FIN1011170,0.0
1643,FIN1011171,0.0
1644,FIN1011172,0.0
1645,FIN1011173,1.0
1646,FIN1011174,0.0
1647,FIN1011175,0.0
1648,FIN1011176,1.0
1649,FIN1011177,1.0
1650,FIN1011178,1.0
1651,FIN1011179,0.0
1652,FIN1011180,0.0
1653,FIN1011181,0.0
1654,FIN1011182,0.0
1655,FIN1011183,1.0
1656,FIN1011184,1.0
1657,FIN1011185,1.0
1658,FIN1011186,0.0
1659,FIN1011187,0.0
1660,FIN1011188,1.0
1661,FIN1011189,0.0
1662,FIN1011190,0.0
1663,FIN1011191,0.0
1664,FIN1011192,0.0
1665,FIN1011193,0.0
1666,FIN1011194,0.0
1667,FIN1011195,0.0
1668,FIN1011196,0.0
1669,FIN1011197,1.0
1670,FIN1011198,0.0
1671,FIN1011199,0.0
1672,FIN1011200,0.0
1673,FIN1011201,0.0
1674,FIN1011202,0.0
1675,FIN1011203,0.0
1676,FIN1011204,0.0
1677,FIN1011205,1.0
1678,FIN1011206,1.0
1679,FIN1011207,1.0
1680,FIN1011208,0.0
1681,FIN1011209,0.0
1682,FIN1011210,0.0
1683,FIN1011211,1.0
1684,FIN1011212,0.0
1685,FIN1011213,0.0
1686,FIN1011214,0.0
1687,FIN1011215,1.0
1688,FIN1011216,1.0
1689,FIN1011217,0.0
1690,FIN1011218,0.0
1691,FIN1011219,0.0
1692,FIN1011220,0.0
1693,FIN1011221,0.0
1694,FIN1011222,0.0
1695,FIN1011223,0.0
1696,FIN1011224,0.0
1697,FIN1011225,1.0
1698,FIN1011226,0.0
1699,FIN1011227,0.0
1700,FIN1011228,0.0
1701,FIN1011229,0.0
1702,FIN1011230,0.0
1703,FIN1011231,0.0
1704,FIN1011232,0.0
1705,FIN1011233,0.0
1706,FIN1011234,0.0
1707,FIN1011235,1.0
1708,FIN1011236,0.0
1709,FIN1011237,0.0
1710,FIN1011238,1.0
1711,FIN1011239,0.0
1712,FIN1011240,0.0
1713,FIN1011241,0.0
1714,FIN1011242,1.0
1715,FIN1011243,0.0
1716,FIN1011244,0.0
1717,FIN1011245,0.0
1718,FIN1011246,0.0
1719,FIN1011247,0.0
1720,FIN1011248,0.0
1721,FIN1011249,0.0
1722,FIN1011250,0.0
1723,FIN1011251,0.0
1724,FIN1011252,0.0
1725,FIN1011253,0.0
1726,FIN1011254,0.0
1727,FIN1011255,1.0
1728,FIN1011256,0.0
1729,FIN1011257,0.0
1730,FIN1011258,0.0
1731,FIN1011259,1.0
1732,FIN1011260,0.0
1733,FIN1011261,0.0
1734,FIN1011262,0.0
1735,FIN1011263,0.0
1736,FIN1011264,0.0
1737,FIN1011265,0.0
1738,FIN1011266,0.0
1739,FIN1011267,1.0
1740,FIN1011268,0.0
1741,FIN1011269,0.0
1742,FIN1011270,0.0
1743,FIN1011271,0.0
1744,FIN1011272,0.0
1745,FIN1011273,0.0
1746,FIN1011274,0.0
1747,FIN1011275,0.0
1748,FIN1011276,0.0
1749,FIN1011277,0.0
1750,FIN1011278,0.0
1751,FIN1011279,1.0
1752,FIN1011280,1.0
1753,FIN1011281,1.0
1754,FIN1011282,0.0
1755,FIN1011283,1.0
1756,FIN1011284,1.0
1757,FIN1011285,0.0
1758,FIN1011286,1.0
1759,FIN1011287,0.0
1760,FIN1011288,0.0
1761,FIN1011289,1.0
1762,FIN1011290,1.0
1763,FIN1011291,0.0
1764,FIN1011292,1.0
1765,FIN1011293,0.0
1766,FIN1011294,0.0
1767,FIN1011295,0.0
1768,FIN1011296,0.0
1769,FIN1011297,0.0
1770,FIN1011298,1.0
1771,FIN1011299,0.0
1772,FIN1011300,0.0
1773,FIN1011301,0.0
1774,FIN1011302,0.0
1775,FIN1011303,0.0
1776,FIN1011304,0.0
1777,FIN1011305,0.0
1778,FIN1011306,0.0
1779,FIN1011307,0.0
1780,FIN1011308,0.0
1781,FIN1011309,0.0
1782,FIN1011310,0.0
1783,FIN1011311,0.0
1784,FIN1011312,0.0
1785,FIN1011313,0.0
1786,FIN1011314,1.0
1787,FIN1011315,0.0
1788,FIN1011316,1.0
1789,FIN1011317,0.0
1790,FIN1011318,0.0
1791,FIN1011319,1.0
1792,FIN1011320,0.0
1793,FIN1011321,1.0
1794,FIN1011322,1.0
1795,FIN1011323,0.0
1796,FIN1011324,0.0
1797,FIN1011325,0.0
1798,FIN1011326,0.0
1799,FIN1011327,0.0
1800,FIN1011328,1.0
1801,FIN1011329,1.0
1802,FIN1011330,0.0
1803,FIN1011331,1.0
1804,FIN1011332,0.0
1805,FIN1011333,0.0
1806,FIN1011334,0.0
1807,FIN1011335,0.0
1808,FIN1011336,0.0
1809,FIN1011337,0.0
1810,FIN1011338,0.0
1811,FIN1011339,1.0
1812,FIN1011340,0.0
1813,FIN1011341,0.0
1814,FIN1011342,0.0
1815,FIN1011343,0.0
1816,FIN1011344,1.0
1817,FIN1011345,0.0
1818,FIN1011346,0.0
1819,FIN1011347,0.0
1820,FIN1011348,0.0
1821,FIN1011349,1.0
1822,FIN1011350,0.0
1823,FIN1011351,1.0
1824,FIN1011352,0.0
1825,FIN1011353,0.0
1826,FIN1011354,0.0
1827,FIN1011355,1.0
1828,FIN1011356,0.0
1829,FIN1011357,0.0
1830,FIN1011358,0.0
1831,FIN1011359,0.0
1832,FIN1011360,1.0
1833,FIN1011361,0.0
1834,FIN1011362,0.0
1835,FIN1011363,1.0
1836,FIN1011364,1.0
1837,FIN1011365,0.0
1838,FIN1011366,0.0
1839,FIN1011367,0.0
1840,FIN1011368,1.0
1841,FIN1011369,0.0
1842,FIN1011370,0.0
1843,FIN1011371,1.0
1844,FIN1011372,0.0
1845,FIN1011373,0.0
1846,FIN1011374,0.0
1847,FIN1011375,0.0
1848,FIN1011376,0.0
1849,FIN1011377,0.0
1850,FIN1011378,1.0
1851,FIN1011379,1.0
1852,FIN1011380,1.0
1853,FIN1011381,1.0
1854,FIN1011382,0.0
1855,FIN1011383,0.0
1856,FIN1011384,0.0
1857,FIN1011385,0.0
1858,FIN1011386,0.0
1859,FIN1011387,1.0
1860,FIN1011388,1.0
1861,FIN1011389,1.0
1862,FIN1011390,0.0
1863,FIN1011391,0.0
1864,FIN1011392,0.0
1865,FIN1011393,0.0
1866,FIN1011394,0.0
1867,FIN1011395,0.0
1868,FIN1011396,1.0
1869,FIN1011397,0.0
1870,FIN1011398,1.0
1871,FIN1011399,1.0
1872,FIN1011400,0.0
1873,FIN1011401,0.0
1874,FIN1011402,1.0
1875,FIN1011403,0.0
1876,FIN1011404,1.0
1877,FIN1011405,0.0
1878,FIN1011406,1.0
1879,FIN1011407,0.0
1880,FIN1011408,1.0
1881,FIN1011409,0.0
1882,FIN1011410,0.0
1883,FIN1011411,1.0
1884,FIN1011412,0.0
1885,FIN1011413,0.0
1886,FIN1011414,0.0
1887,FIN1011415,0.0
1888,FIN1011416,0.0
1889,FIN1011417,0.0
1890,FIN1011418,0.0
1891,FIN1011419,1.0
1892,FIN1011420,1.0
1893,FIN1011421,0.0
1894,FIN1011422,0.0
1895,FIN1011423,1.0
1896,FIN1011424,0.0
1897,FIN1011425,0.0
1898,FIN1011426,0.0
1899,FIN1011427,0.0
1900,FIN1011428,0.0
1901,FIN1011429,1.0
1902,FIN1011430,1.0
1903,FIN1011431,1.0
1904,FIN1011432,0.0
1905,FIN1011433,0.0
1906,FIN1011434,0.0
1907,FIN1011435,1.0
1908,FIN1011436,1.0
1909,FIN1011437,1.0
1910,FIN1011438,1.0
1911,FIN1011439,1.0
1912,FIN1011440,0.0
1913,FIN1011441,1.0
1914,FIN1011442,0.0
1915,FIN1011443,0.0
1916,FIN1011444,0.0
1917,FIN1011445,0.0
1918,FIN1011446,0.0
1919,FIN1011447,0.0
1920,FIN1011448,1.0
1921,FIN1011449,0.0
1922,FIN1011450,1.0
1923,FIN1011451,0.0
1924,FIN1011452,0.0
1925,FIN1011453,0.0
1926,FIN1011454,0.0
1927,FIN1011455,0.0
1928,FIN1011456,1.0
1929,FIN1011457,1.0
1930,FIN1011458,0.0
1931,FIN1011459,0.0
1932,FIN1011460,0.0
1933,FIN1011461,0.0
1934,FIN1011462,0.0
1935,FIN1011463,0.0
1936,FIN1011464,0.0
1937,FIN1011465,0.0
1938,FIN1011466,0.0
1939,FIN1011467,0.0
1940,FIN1011468,0.0
1941,FIN1011469,1.0
1942,FIN1011470,0.0
1943,FIN1011471,0.0
1944,FIN1011472,1.0
1945,FIN1011473,0.0
1946,FIN1011474,0.0
1947,FIN1011475,0.0
1948,FIN1011476,0.0
1949,FIN1011477,0.0
1950,FIN1011478,1.0
1951,FIN1011479,0.0
1952,FIN1011480,0.0
1953,FIN1011481,0.0
1954,FIN1011482,0.0
1955,FIN1011483,1.0
1956,FIN1011484,0.0
1957,FIN1011485,1.0
1958,FIN1011486,0.0
1959,FIN1011487,0.0
1960,FIN1011488,0.0
1961,FIN1011489,0.0
1962,FIN1011490,0.0
1963,FIN1011491,0.0
1964,FIN1011492,0.0
1965,FIN1011493,0.0
1966,FIN1011494,0.0
1967,FIN1011495,0.0
1968,FIN1011496,0.0
1969,FIN1011497,0.0
1970,FIN1011498,0.0
1971,FIN1011499,0.0
1972,FIN1011500,0.0
1973,FIN1011501,1.0
1974,FIN1011502,1.0
1975,FIN1011503,0.0
1976,FIN1011504,0.0
1977,FIN1011505,0.0
1978,FIN1011506,0.0
1979,FIN1011507,0.0
1980,FIN1011508,0.0
1981,FIN1011509,1.0
1982,FIN1011510,1.0
1983,FIN1011511,1.0
1984,FIN1011512,1.0
1985,FIN1011513,0.0
1986,FIN1011514,0.0
1987,FIN1011515,0.0
1988,FIN1011516,0.0
1989,FIN1011517,0.0
1990,FIN1011518,0.0
1991,FIN1011519,0.0
1992,FIN1011520,0.0
1993,FIN1011521,0.0
1994,FIN1011522,0.0
1995,FIN1011523,0.0
1996,FIN1011524,0.0
1997,FIN1011525,0.0
1998,FIN1011526,1.0
1999,FIN1011527,0.0
2000,FIN1011528,1.0
2001,FIN1011529,0.0
2002,FIN1011530,0.0
2003,FIN1011531,0.0
2004,FIN1011532,1.0
2005,FIN1011533,0.0
2006,FIN1011534,0.0
2007,FIN1011535,0.0
2008,FIN1011536,0.0
2009,FIN1011537,0.0
2010,FIN1011538,1.0
2011,FIN1011539,0.0
2012,FIN1011540,0.0
2013,FIN1011541,0.0
2014,FIN1011542,1.0
2015,FIN1011543,0.0
2016,FIN1011544,0.0
2017,FIN1011545,0.0
2018,FIN1011546,0.0
2019,FIN1011547,0.0
2020,FIN1011548,0.0
2021,FIN1011549,0.0
2022,FIN1011550,0.0
2023,FIN1011551,0.0
2024,FIN1011552,0.0
2025,FIN1011553,0.0
2026,FIN1011554,0.0
2027,FIN1011555,1.0
2028,FIN1011556,0.0
2029,FIN1011557,1.0
2030,FIN1011558,0.0
2031,FIN1011559,0.0
2032,FIN1011560,0.0
2033,FIN1011561,0.0
2034,FIN1011562,0.0
2035,FIN1011563,0.0
2036,FIN1011564,1.0
2037,FIN1011565,0.0
2038,FIN1011566,1.0
2039,FIN1011567,0.0
2040,FIN1011568,0.0
2041,FIN1011569,0.0
2042,FIN1011570,0.0
2043,FIN1011571,0.0
2044,FIN1011572,0.0
2045,FIN1011573,0.0
2046,FIN1011574,0.0
2047,FIN1011575,0.0
2048,FIN1011576,0.0
2049,FIN1011577,1.0
2050,FIN1011578,0.0
2051,FIN1011579,0.0
2052,FIN1011580,0.0
2053,FIN1011581,0.0
2054,FIN1011582,0.0
2055,FIN1011583,1.0
2056,FIN1011584,0.0
2057,FIN1011585,0.0
2058,FIN1011586,0.0
2059,FIN1011587,0.0
2060,FIN1011588,0.0
2061,FIN1011589,1.0
2062,FIN1011590,0.0
2063,FIN1011591,1.0
2064,FIN1011592,0.0
2065,FIN1011593,0.0
2066,FIN1011594,0.0
2067,FIN1011595,0.0
2068,FIN1011596,0.0
2069,FIN1011597,0.0
2070,FIN1011598,1.0
2071,FIN1011599,0.0
2072,FIN1011600,0.0
2073,FIN1011601,0.0
2074,FIN1011602,0.0
2075,FIN1011603,0.0
2076,FIN1011604,0.0
2077,FIN1011605,0.0
2078,FIN1011606,0.0
2079,FIN1011607,1.0
2080,FIN1011608,1.0
2081,FIN1011609,1.0
2082,FIN1011610,1.0
2083,FIN1011611,0.0
2084,FIN1011612,0.0
2085,FIN1011613,0.0
2086,FIN1011614,0.0
2087,FIN1011615,1.0
2088,FIN1011616,0.0
2089,FIN1011617,0.0
2090,FIN1011618,0.0
2091,FIN1011619,0.0
2092,FIN1011620,1.0
2093,FIN1011621,0.0
2094,FIN1011622,0.0
2095,FIN1011623,0.0
2096,FIN1011624,0.0
2097,FIN1011625,0.0
2098,FIN1011626,1.0
2099,FIN1011627,1.0
2100,FIN1011628,0.0
2101,FIN1011629,0.0
2102,FIN1011630,1.0
2103,FIN1011631,0.0
2104,FIN1011632,0.0
2105,FIN1011633,0.0
2106,FIN1011634,0.0
2107,FIN1011635,0.0
2108,FIN1011636,1.0
2109,FIN1011637,0.0
2110,FIN1011638,0.0
2111,FIN1011639,1.0
2112,FIN1011640,0.0
2113,FIN1011641,0.0
2114,FIN1011642,1.0
2115,FIN1011643,1.0
2116,FIN1011644,1.0
2117,FIN1011645,0.0
2118,FIN1011646,0.0
2119,FIN1011647,0.0
2120,FIN1011648,0.0
2121,FIN1011649,1.0
2122,FIN1011650,0.0
2123,FIN1011651,1.0
2124,FIN1011652,1.0
2125,FIN1011653,1.0
2126,FIN1011654,0.0
2127,FIN1011655,0.0
2128,FIN1011656,0.0
2129,FIN1011657,0.0
2130,FIN1011658,0.0
2131,FIN1011659,0.0
2132,FIN1011660,1.0
2133,FIN1011661,1.0
2134,FIN1011662,0.0
2135,FIN1011663,0.0
2136,FIN1011664,1.0
2137,FIN1011665,0.0
2138,FIN1011666,0.0
2139,FIN1011667,0.0
2140,FIN1011668,0.0
2141,FIN1011669,0.0
2142,FIN1011670,0.0
2143,FIN1011671,1.0
2144,FIN1011672,0.0
2145,FIN1011673,0.0
2146,FIN1011674,0.0
2147,FIN1011675,0.0
2148,FIN1011676,1.0
2149,FIN1011677,0.0
2150,FIN1011678,0.0
2151,FIN1011679,0.0
2152,FIN1011680,0.0
2153,FIN1011681,0.0
2154,FIN1011682,0.0
2155,FIN1011683,1.0
2156,FIN1011684,1.0
2157,FIN1011685,1.0
2158,FIN1011686,1.0
2159,FIN1011687,0.0
2160,FIN1011688,0.0
2161,FIN1011689,0.0
2162,FIN1011690,1.0
2163,FIN1011691,0.0
2164,FIN1011692,0.0
2165,FIN1011693,0.0
2166,FIN1011694,0.0
2167,FIN1011695,0.0
2168,FIN1011696,0.0
2169,FIN1011697,0.0
2170,FIN1011698,0.0
2171,FIN1011699,0.0
2172,FIN1011700,1.0
2173,FIN1011701,0.0
2174,FIN1011702,0.0
2175,FIN1011703,0.0
2176,FIN1011704,1.0
2177,FIN1011705,1.0
2178,FIN1011706,0.0
2179,FIN1011707,0.0
2180,FIN1011708,0.0
2181,FIN1011709,0.0
2182,FIN1011710,0.0
2183,FIN1011711,0.0
2184,FIN1011712,1.0
2185,FIN1011713,0.0
2186,FIN1011714,1.0
2187,FIN1011715,1.0
2188,FIN1011716,0.0
2189,FIN1011717,0.0
2190,FIN1011718,0.0
2191,FIN1011719,0.0
2192,FIN1011720,0.0
2193,FIN1011721,0.0
2194,FIN1011722,0.0
2195,FIN1011723,0.0
2196,FIN1011724,0.0
2197,FIN1011725,0.0
2198,FIN1011726,0.0
2199,FIN1011727,0.0
2200,FIN1011728,1.0
2201,FIN1011729,1.0
2202,FIN1011730,0.0
2203,FIN1011731,0.0
2204,FIN1011732,1.0
2205,FIN1011733,1.0
2206,FIN1011734,0.0
2207,FIN1011735,1.0
2208,FIN1011736,0.0
2209,FIN1011737,0.0
2210,FIN1011738,0.0
2211,FIN1011739,1.0
2212,FIN1011740,1.0
2213,FIN1011741,1.0
2214,FIN1011742,0.0
2215,FIN1011743,0.0
2216,FIN1011744,0.0
2217,FIN1011745,0.0
2218,FIN1011746,0.0
2219,FIN1011747,0.0
2220,FIN1011748,0.0
2221,FIN1011749,0.0
2222,FIN1011750,1.0
2223,FIN1011751,0.0
2224,FIN1011752,1.0
2225,FIN1011753,1.0
2226,FIN1011754,1.0
2227,FIN1011755,0.0
2228,FIN1011756,0.0
2229,FIN1011757,0.0
2230,FIN1011758,1.0
2231,FIN1011759,0.0
2232,FIN1011760,1.0
2233,FIN1011761,1.0
2234,FIN1011762,0.0
2235,FIN1011763,0.0
2236,FIN1011764,0.0
2237,FIN1011765,0.0
2238,FIN1011766,0.0
2239,FIN1011767,0.0
2240,FIN1011768,1.0
2241,FIN1011769,0.0
2242,FIN1011770,1.0
2243,FIN1011771,1.0
2244,FIN1011772,0.0
2245,FIN1011773,0.0
2246,FIN1011774,1.0
2247,FIN1011775,0.0
2248,FIN1011776,0.0
2249,FIN1011777,1.0
2250,FIN1011778,0.0
2251,FIN1011779,0.0
2252,FIN1011780,0.0
2253,FIN1011781,0.0
2254,FIN1011782,0.0
2255,FIN1011783,1.0
2256,FIN1011784,0.0
2257,FIN1011785,0.0
2258,FIN1011786,1.0
2259,FIN1011787,0.0
2260,FIN1011788,0.0
2261,FIN1011789,0.0
2262,FIN1011790,0.0
2263,FIN1011791,0.0
2264,FIN1011792,1.0
2265,FIN1011793,0.0
2266,FIN1011794,0.0
2267,FIN1011795,0.0
2268,FIN1011796,0.0
2269,FIN1011797,0.0
2270,FIN1011798,1.0
2271,FIN1011799,0.0
2272,FIN1011800,0.0
2273,FIN1011801,0.0
2274,FIN1011802,0.0
2275,FIN1011803,0.0
2276,FIN1011804,0.0
2277,FIN1011805,1.0
2278,FIN1011806,0.0
2279,FIN1011807,0.0
2280,FIN1011808,0.0
2281,FIN1011809,0.0
2282,FIN1011810,0.0
2283,FIN1011811,1.0
2284,FIN1011812,0.0
2285,FIN1011813,0.0
2286,FIN1011814,0.0
2287,FIN1011815,0.0
2288,FIN1011816,0.0
2289,FIN1011817,0.0
2290,FIN1011818,0.0
2291,FIN1011819,0.0
2292,FIN1011820,1.0
2293,FIN1011821,0.0
2294,FIN1011822,1.0
2295,FIN1011823,1.0
2296,FIN1011824,1.0
2297,FIN1011825,1.0
2298,FIN1011826,0.0
2299,FIN1011827,1.0
2300,FIN1011828,0.0
2301,FIN1011829,1.0
2302,FIN1011830,1.0
2303,FIN1011831,0.0
2304,FIN1011832,0.0
2305,FIN1011833,0.0
2306,FIN1011834,1.0
2307,FIN1011835,1.0
2308,FIN1011836,1.0
2309,FIN1011837,0.0
2310,FIN1011838,0.0
2311,FIN1011839,0.0
2312,FIN1011840,0.0
2313,FIN1011841,0.0
2314,FIN1011842,0.0
2315,FIN1011843,1.0
2316,FIN1011844,0.0
2317,FIN1011845,0.0
2318,FIN1011846,0.0
2319,FIN1011847,0.0
2320,FIN1011848,0.0
2321,FIN1011849,0.0
2322,FIN1011850,1.0
2323,FIN1011851,0.0
2324,FIN1011852,0.0
2325,FIN1011853,0.0
2326,FIN1011854,1.0
2327,FIN1011855,0.0
2328,FIN1011856,0.0
2329,FIN1011857,0.0
2330,FIN1011858,0.0
2331,FIN1011859,0.0
2332,FIN1011860,0.0
2333,FIN1011861,0.0
2334,FIN1011862,0.0
2335,FIN1011863,1.0
2336,FIN1011864,1.0
2337,FIN1011865,0.0
2338,FIN1011866,0.0
2339,FIN1011867,0.0
2340,FIN1011868,1.0
2341,FIN1011869,0.0
2342,FIN1011870,0.0
2343,FIN1011871,0.0
2344,FIN1011872,0.0
2345,FIN1011873,0.0
2346,FIN1011874,0.0
2347,FIN1011875,1.0
2348,FIN1011876,0.0
2349,FIN1011877,0.0
2350,FIN1011878,0.0
2351,FIN1011879,0.0
2352,FIN1011880,0.0
2353,FIN1011881,1.0
2354,FIN1011882,0.0
2355,FIN1011883,0.0
2356,FIN1011884,0.0
2357,FIN1011885,0.0
2358,FIN1011886,0.0
2359,FIN1011887,1.0
2360,FIN1011888,0.0
2361,FIN1011889,0.0
2362,FIN1011890,0.0
2363,FIN1011891,0.0
2364,FIN1011892,0.0
2365,FIN1011893,0.0
2366,FIN1011894,0.0
2367,FIN1011895,0.0
2368,FIN1011896,1.0
2369,FIN1011897,0.0
2370,FIN1011898,0.0
2371,FIN1011899,0.0
2372,FIN1011900,0.0
2373,FIN1011901,0.0
2374,FIN1011902,0.0
2375,FIN1011903,0.0
2376,FIN1011904,0.0
2377,FIN1011905,1.0
2378,FIN1011906,0.0
2379,FIN1011907,0.0
2380,FIN1011908,0.0
2381,FIN1011909,1.0
2382,FIN1011910,1.0
2383,FIN1011911,0.0
2384,FIN1011912,0.0
2385,FIN1011913,0.0
2386,FIN1011914,0.0
2387,FIN1011915,0.0
2388,FIN1011916,1.0
2389,FIN1011917,0.0
2390,FIN1011918,0.0
2391,FIN1011919,0.0
2392,FIN1011920,0.0
2393,FIN1011921,0.0
2394,FIN1011922,0.0
2395,FIN1011923,0.0
2396,FIN1011924,0.0
2397,FIN1011925,0.0
2398,FIN1011926,0.0
2399,FIN1011927,1.0
2400,FIN1011928,0.0
2401,FIN1011929,1.0
2402,FIN1011930,0.0
2403,FIN1011931,1.0
2404,FIN1011932,0.0
2405,FIN1011933,0.0
2406,FIN1011934,0.0
2407,FIN1011935,0.0
2408,FIN1011936,0.0
2409,FIN1011937,0.0
2410,FIN1011938,0.0
2411,FIN1011939,1.0
2412,FIN1011940,0.0
2413,FIN1011941,0.0
2414,FIN1011942,0.0
2415,FIN1011943,0.0
2416,FIN1011944,0.0
2417,FIN1011945,0.0
2418,FIN1011946,0.0
2419,FIN1011947,0.0
2420,FIN1011948,1.0
2421,FIN1011949,0.0
2422,FIN1011950,0.0
2423,FIN1011951,0.0
2424,FIN1011952,0.0
2425,FIN1011953,0.0
2426,FIN1011954,0.0
2427,FIN1011955,0.0
2428,FIN1011956,1.0
2429,FIN1011957,0.0
2430,FIN1011958,0.0
2431,FIN1011959,1.0
2432,FIN1011960,1.0
2433,FIN1011961,0.0
2434,FIN1011962,1.0
2435,FIN1011963,0.0
2436,FIN1011964,0.0
2437,FIN1011965,0.0
2438,FIN1011966,1.0
2439,FIN1011967,0.0
2440,FIN1011968,0.0
2441,FIN1011969,0.0
2442,FIN1011970,0.0
2443,FIN1011971,0.0
2444,FIN1011972,1.0
2445,FIN1011973,0.0
2446,FIN1011974,0.0
2447,FIN1011975,0.0
2448,FIN1011976,0.0
2449,FIN1011977,0.0
2450,FIN1011978,0.0
2451,FIN1011979,0.0
2452,FIN1011980,0.0
2453,FIN1011981,0.0
2454,FIN1011982,0.0
2455,FIN1011983,0.0
2456,FIN1011984,0.0
2457,FIN1011985,0.0
2458,FIN1011986,1.0
2459,FIN1011987,0.0
2460,FIN1011988,0.0
2461,FIN1011989,0.0
2462,FIN1011990,1.0
2463,FIN1011991,0.0
2464,FIN1011992,0.0
2465,FIN1011993,0.0
2466,FIN1011994,0.0
2467,FIN1011995,0.0
2468,FIN1011996,0.0
2469,FIN1011997,1.0
2470,FIN1011998,0.0
2471,FIN1011999,0.0
2472,FIN1012000,0.0
2473,FIN1012001,0.0
2474,FIN1012002,1.0
2475,FIN1012003,1.0
2476,FIN1012004,1.0
2477,FIN1012005,0.0
2478,FIN1012006,0.0
2479,FIN1012007,0.0
2480,FIN1012008,0.0
2481,FIN1012009,0.0
2482,FIN1012010,0.0
2483,FIN1012011,0.0
2484,FIN1012012,0.0
2485,FIN1012013,0.0
2486,FIN1012014,0.0
2487,FIN1012015,0.0
2488,FIN1012016,1.0
2489,FIN1012017,0.0
2490,FIN1012018,0.0
2491,FIN1012019,0.0
2492,FIN1012020,1.0
2493,FIN1012021,1.0
2494,FIN1012022,0.0
2495,FIN1012023,0.0
2496,FIN1012024,0.0
2497,FIN1012025,1.0
2498,FIN1012026,0.0
2499,FIN1012027,0.0
2500,FIN1012028,0.0
2501,FIN1012029,0.0
2502,FIN1012030,0.0
2503,FIN1012031,1.0
2504,FIN1012032,0.0
2505,FIN1012033,0.0
2506,FIN1012034,0.0
2507,FIN1012035,1.0
2508,FIN1012036,0.0
2509,FIN1012037,0.0
2510,FIN1012038,0.0
2511,FIN1012039,0.0
2512,FIN1012040,0.0
2513,FIN1012041,0.0
2514,FIN1012042,1.0
2515,FIN1012043,0.0
2516,FIN1012044,0.0
2517,FIN1012045,1.0
2518,FIN1012046,1.0
2519,FIN1012047,0.0
2520,FIN1012048,1.0
2521,FIN1012049,1.0
2522,FIN1012050,1.0
2523,FIN1012051,0.0
2524,FIN1012052,0.0
2525,FIN1012053,0.0
2526,FIN1012054,0.0
2527,FIN1012055,0.0
2528,FIN1012056,0.0
2529,FIN1012057,0.0
2530,FIN1012058,0.0
2531,FIN1012059,0.0
2532,FIN1012060,0.0
2533,FIN1012061,1.0
2534,FIN1012062,0.0
2535,FIN1012063,0.0
2536,FIN1012064,1.0
2537,FIN1012065,0.0
2538,FIN1012066,1.0
2539,FIN1012067,0.0
2540,FIN1012068,0.0
2541,FIN1012069,0.0
2542,FIN1012070,0.0
2543,FIN1012071,0.0
2544,FIN1012072,0.0
2545,FIN1012073,1.0
2546,FIN1012074,0.0
2547,FIN1012075,1.0
2548,FIN1012076,0.0
2549,FIN1012077,1.0
2550,FIN1012078,0.0
2551,FIN1012079,0.0
2552,FIN1012080,0.0
2553,FIN1012081,1.0
2554,FIN1012082,0.0
2555,FIN1012083,1.0
2556,FIN1012084,1.0
2557,FIN1012085,0.0
2558,FIN1012086,0.0
2559,FIN1012087,0.0
2560,FIN1012088,0.0
2561,FIN1012089,0.0
2562,FIN1012090,0.0
2563,FIN1012091,1.0
2564,FIN1012092,0.0
2565,FIN1012093,0.0
2566,FIN1012094,0.0
2567,FIN1012095,0.0
2568,FIN1012096,1.0
2569,FIN1012097,0.0
2570,FIN1012098,0.0
2571,FIN1012099,0.0
2572,FIN1012100,1.0
2573,FIN1012101,0.0
2574,FIN1012102,1.0
2575,FIN1012103,0.0
2576,FIN1012104,0.0
2577,FIN1012105,0.0
2578,FIN1012106,0.0
2579,FIN1012107,0.0
2580,FIN1012108,1.0
2581,FIN1012109,1.0
2582,FIN1012110,1.0
2583,FIN1012111,0.0
2584,FIN1012112,0.0
2585,FIN1012113,1.0
2586,FIN1012114,0.0
2587,FIN1012115,1.0
2588,FIN1012116,0.0
2589,FIN1012117,0.0
2590,FIN1012118,0.0
2591,FIN1012119,0.0
2592,FIN1012120,1.0
2593,FIN1012121,0.0
2594,FIN1012122,0.0
2595,FIN1012123,1.0
2596,FIN1012124,0.0
2597,FIN1012125,0.0
2598,FIN1012126,0.0
2599,FIN1012127,0.0
2600,FIN1012128,1.0
2601,FIN1012129,0.0
2602,FIN1012130,1.0
2603,FIN1012131,0.0
2604,FIN1012132,0.0
2605,FIN1012133,0.0
2606,FIN1012134,0.0
2607,FIN1012135,0.0
2608,FIN1012136,0.0
2609,FIN1012137,1.0
2610,FIN1012138,1.0
2611,FIN1012139,1.0
2612,FIN1012140,1.0
2613,FIN1012141,0.0
2614,FIN1012142,0.0
2615,FIN1012143,1.0
2616,FIN1012144,0.0
2617,FIN1012145,1.0
2618,FIN1012146,0.0
2619,FIN1012147,1.0
2620,FIN1012148,0.0
2621,FIN1012149,1.0
2622,FIN1012150,0.0
2623,FIN1012151,0.0
2624,FIN1012152,0.0
2625,FIN1012153,0.0
2626,FIN1012154,0.0
2627,FIN1012155,0.0
2628,FIN1012156,1.0
2629,FIN1012157,0.0
2630,FIN1012158,0.0
2631,FIN1012159,0.0
2632,FIN1012160,0.0
2633,FIN1012161,1.0
2634,FIN1012162,0.0
2635,FIN1012163,0.0
2636,FIN1012164,0.0
2637,FIN1012165,0.0
2638,FIN1012166,0.0
2639,FIN1012167,0.0
2640,FIN1012168,0.0
2641,FIN1012169,0.0
2642,FIN1012170,1.0
2643,FIN1012171,0.0
2644,FIN1012172,0.0
2645,FIN1012173,0.0
2646,FIN1012174,1.0
2647,FIN1012175,1.0
2648,FIN1012176,0.0
2649,FIN1012177,1.0
2650,FIN1012178,0.0
2651,FIN1012179,1.0
2652,FIN1012180,0.0
2653,FIN1012181,0.0
2654,FIN1012182,1.0
2655,FIN1012183,0.0
2656,FIN1012184,0.0
2657,FIN1012185,0.0
2658,FIN1012186,0.0
2659,FIN1012187,1.0
2660,FIN1012188,0.0
2661,FIN1012189,0.0
2662,FIN1012190,0.0
2663,FIN1012191,0.0
2664,FIN1012192,0.0
2665,FIN1012193,1.0
2666,FIN1012194,0.0
2667,FIN1012195,0.0
2668,FIN1012196,0.0
2669,FIN1012197,1.0
2670,FIN1012198,1.0
2671,FIN1012199,0.0
2672,FIN1012200,0.0
2673,FIN1012201,0.0
2674,FIN1012202,0.0
2675,FIN1012203,1.0
2676,FIN1012204,1.0
2677,FIN1012205,0.0
2678,FIN1012206,0.0
2679,FIN1012207,0.0
2680,FIN1012208,0.0
2681,FIN1012209,0.0
2682,FIN1012210,0.0
2683,FIN1012211,0.0
2684,FIN1012212,0.0
2685,FIN1012213,1.0
2686,FIN1012214,0.0
2687,FIN1012215,0.0
2688,FIN1012216,0.0
2689,FIN1012217,0.0
2690,FIN1012218,0.0
2691,FIN1012219,0.0
2692,FIN1012220,0.0
2693,FIN1012221,0.0
2694,FIN1012222,1.0
2695,FIN1012223,1.0
2696,FIN1012224,0.0
2697,FIN1012225,1.0
2698,FIN1012226,0.0
2699,FIN1012227,0.0
2700,FIN1012228,0.0
2701,FIN1012229,1.0
2702,FIN1012230,0.0
2703,FIN1012231,1.0
2704,FIN1012232,0.0
2705,FIN1012233,0.0
2706,FIN1012234,0.0
2707,FIN1012235,0.0
2708,FIN1012236,1.0
2709,FIN1012237,0.0
2710,FIN1012238,0.0
2711,FIN1012239,1.0
2712,FIN1012240,1.0
2713,FIN1012241,1.0
2714,FIN1012242,0.0
2715,FIN1012243,0.0
2716,FIN1012244,0.0
2717,FIN1012245,0.0
2718,FIN1012246,1.0
2719,FIN1012247,0.0
2720,FIN1012248,0.0
2721,FIN1012249,0.0
2722,FIN1012250,0.0
2723,FIN1012251,1.0
2724,FIN1012252,0.0
2725,FIN1012253,0.0
2726,FIN1012254,0.0
2727,FIN1012255,0.0
2728,FIN1012256,1.0
2729,FIN1012257,0.0
2730,FIN1012258,1.0
2731,FIN1012259,0.0
2732,FIN1012260,0.0
2733,FIN1012261,0.0
2734,FIN1012262,0.0
2735,FIN1012263,0.0
2736,FIN1012264,0.0
2737,FIN1012265,0.0
2738,FIN1012266,0.0
2739,FIN1012267,0.0
2740,FIN1012268,0.0
2741,FIN1012269,0.0
2742,FIN1012270,0.0
2743,FIN1012271,0.0
2744,FIN1012272,0.0
2745,FIN1012273,0.0
2746,FIN1012274,0.0
2747,FIN1012275,0.0
2748,FIN1012276,1.0
2749,FIN1012277,0.0
2750,FIN1012278,0.0
2751,FIN1012279,0.0
2752,FIN1012280,0.0
2753,FIN1012281,1.0
2754,FIN1012282,0.0
2755,FIN1012283,0.0
2756,FIN1012284,0.0
2757,FIN1012285,1.0
2758,FIN1012286,0.0
2759,FIN1012287,0.0
2760,FIN1012288,0.0
2761,FIN1012289,0.0
2762,FIN1012290,0.0
2763,FIN1012291,0.0
2764,FIN1012292,0.0
2765,FIN1012293,0.0
2766,FIN1012294,0.0
2767,FIN1012295,1.0
2768,FIN1012296,0.0
2769,FIN1012297,0.0
2770,FIN1012298,0.0
2771,FIN1012299,1.0
2772,FIN1012300,0.0
2773,FIN1012301,0.0
2774,FIN1012302,0.0
2775,FIN1012303,0.0
2776,FIN1012304,1.0
2777,FIN1012305,0.0
2778,FIN1012306,0.0
2779,FIN1012307,1.0
2780,FIN1012308,0.0
2781,FIN1012309,0.0
2782,FIN1012310,1.0
2783,FIN1012311,0.0
2784,FIN1012312,0.0
2785,FIN1012313,1.0
2786,FIN1012314,1.0
2787,FIN1012315,0.0
2788,FIN1012316,1.0
2789,FIN1012317,0.0
2790,FIN1012318,0.0
2791,FIN1012319,0.0
2792,FIN1012320,0.0
2793,FIN1012321,0.0
2794,FIN1012322,0.0
2795,FIN1012323,0.0
2796,FIN1012324,0.0
2797,FIN1012325,1.0
2798,FIN1012326,0.0
2799,FIN1012327,0.0
2800,FIN1012328,0.0
2801,FIN1012329,0.0
2802,FIN1012330,0.0
2803,FIN1012331,0.0
2804,FIN1012332,0.0
2805,FIN1012333,0.0
2806,FIN1012334,1.0
2807,FIN1012335,0.0
2808,FIN1012336,1.0
2809,FIN1012337,1.0
2810,FIN1012338,0.0
2811,FIN1012339,0.0
2812,FIN1012340,0.0
2813,FIN1012341,0.0
2814,FIN1012342,0.0
2815,FIN1012343,0.0
2816,FIN1012344,1.0
2817,FIN1012345,1.0
2818,FIN1012346,0.0
2819,FIN1012347,0.0
2820,FIN1012348,0.0
2821,FIN1012349,0.0
2822,FIN1012350,0.0
2823,FIN1012351,0.0
2824,FIN1012352,0.0
2825,FIN1012353,0.0
2826,FIN1012354,0.0
2827,FIN1012355,0.0
2828,FIN1012356,0.0
2829,FIN1012357,0.0
2830,FIN1012358,1.0
2831,FIN1012359,0.0
2832,FIN1012360,0.0
2833,FIN1012361,0.0
2834,FIN1012362,0.0
2835,FIN1012363,1.0
2836,FIN1012364,0.0
2837,FIN1012365,0.0
2838,FIN1012366,1.0
2839,FIN1012367,0.0
2840,FIN1012368,0.0
2841,FIN1012369,1.0
2842,FIN1012370,0.0
2843,FIN1012371,0.0
2844,FIN1012372,1.0
2845,FIN1012373,1.0
2846,FIN1012374,0.0
2847,FIN1012375,0.0
2848,FIN1012376,0.0
2849,FIN1012377,0.0
2850,FIN1012378,0.0
2851,FIN1012379,0.0
2852,FIN1012380,0.0
2853,FIN1012381,1.0
2854,FIN1012382,1.0
2855,FIN1012383,0.0
2856,FIN1012384,1.0
2857,FIN1012385,1.0
2858,FIN1012386,0.0
2859,FIN1012387,0.0
2860,FIN1012388,0.0
2861,FIN1012389,0.0
2862,FIN1012390,1.0
2863,FIN1012391,1.0
2864,FIN1012392,0.0
2865,FIN1012393,1.0
2866,FIN1012394,0.0
2867,FIN1012395,0.0
2868,FIN1012396,0.0
2869,FIN1012397,0.0
2870,FIN1012398,0.0
2871,FIN1012399,1.0
2872,FIN1012400,0.0
2873,FIN1012401,1.0
2874,FIN1012402,0.0
2875,FIN1012403,0.0
2876,FIN1012404,0.0
2877,FIN1012405,0.0
2878,FIN1012406,0.0
2879,FIN1012407,0.0
2880,FIN1012408,0.0
2881,FIN1012409,0.0
2882,FIN1012410,0.0
2883,FIN1012411,0.0
2884,FIN1012412,0.0
2885,FIN1012413,0.0
2886,FIN1012414,0.0
2887,FIN1012415,1.0
2888,FIN1012416,1.0
2889,FIN1012417,0.0
2890,FIN1012418,0.0
2891,FIN1012419,0.0
2892,FIN1012420,1.0
2893,FIN1012421,0.0
2894,FIN1012422,0.0
2895,FIN1012423,0.0
2896,FIN1012424,1.0
2897,FIN1012425,0.0
2898,FIN1012426,0.0
2899,FIN1012427,1.0
2900,FIN1012428,1.0
2901,FIN1012429,0.0
2902,FIN1012430,0.0
2903,FIN1012431,0.0
2904,FIN1012432,1.0
2905,FIN1012433,0.0
2906,FIN1012434,1.0
2907,FIN1012435,0.0
2908,FIN1012436,0.0
2909,FIN1012437,0.0
2910,FIN1012438,0.0
2911,FIN1012439,0.0
2912,FIN1012440,0.0
2913,FIN1012441,1.0
2914,FIN1012442,0.0
2915,FIN1012443,0.0
2916,FIN1012444,1.0
2917,FIN1012445,0.0
2918,FIN1012446,0.0
2919,FIN1012447,0.0
2920,FIN1012448,0.0
2921,FIN1012449,0.0
2922,FIN1012450,0.0
2923,FIN1012451,0.0
2924,FIN1012452,0.0
2925,FIN1012453,0.0
2926,FIN1012454,0.0
2927,FIN1012455,1.0
2928,FIN1012456,0.0
2929,FIN1012457,0.0
2930,FIN1012458,0.0
2931,FIN1012459,0.0
2932,FIN1012460,1.0
2933,FIN1012461,0.0
2934,FIN1012462,0.0
2935,FIN1012463,0.0
2936,FIN1012464,0.0
2937,FIN1012465,0.0
2938,FIN1012466,0.0
2939,FIN1012467,1.0
2940,FIN1012468,1.0
2941,FIN1012469,1.0
2942,FIN1012470,0.0
2943,FIN1012471,0.0
2944,FIN1012472,0.0
2945,FIN1012473,0.0
2946,FIN1012474,0.0
2947,FIN1012475,0.0
2948,FIN1012476,1.0
2949,FIN1012477,0.0
2950,FIN1012478,0.0
2951,FIN1012479,1.0
2952,FIN1012480,0.0
2953,FIN1012481,0.0
2954,FIN1012482,0.0
2955,FIN1012483,0.0
2956,FIN1012484,0.0
2957,FIN1012485,0.0
2958,FIN1012486,0.0
2959,FIN1012487,0.0
2960,FIN1012488,0.0
2961,FIN1012489,1.0
2962,FIN1012490,0.0
2963,FIN1012491,0.0
2964,FIN1012492,0.0
2965,FIN1012493,0.0
2966,FIN1012494,0.0
2967,FIN1012495,0.0
2968,FIN1012496,0.0
2969,FIN1012497,1.0
2970,FIN1012498,0.0
2971,FIN1012499,1.0
2972,FIN1012500,0.0
2973,FIN1012501,1.0
2974,FIN1012502,0.0
2975,FIN1012503,0.0
2976,FIN1012504,0.0
2977,FIN1012505,0.0
2978,FIN1012506,0.0
2979,FIN1012507,0.0
2980,FIN1012508,1.0
2981,FIN1012509,0.0
2982,FIN1012510,1.0
2983,FIN1012511,1.0
2984,FIN1012512,0.0
2985,FIN1012513,1.0
2986,FIN1012514,0.0
2987,FIN1012515,0.0
2988,FIN1012516,0.0
2989,FIN1012517,0.0
2990,FIN1012518,0.0
2991,FIN1012519,1.0
2992,FIN1012520,0.0
2993,FIN1012521,1.0
2994,FIN1012522,0.0
2995,FIN1012523,0.0
2996,FIN1012524,0.0
2997,FIN1012525,0.0
2998,FIN1012526,0.0
2999,FIN1012527,0.0
3000,FIN1012528,0.0
3001,FIN1012529,0.0
3002,FIN1012530,0.0
3003,FIN1012531,0.0
3004,FIN1012532,0.0
3005,FIN1012533,0.0
3006,FIN1012534,1.0
3007,FIN1012535,0.0
3008,FIN1012536,0.0
3009,FIN1012537,0.0
3010,FIN1012538,0.0
3011,FIN1012539,1.0
3012,FIN1012540,0.0
3013,FIN1012541,1.0
3014,FIN1012542,0.0
3015,FIN1012543,1.0
3016,FIN1012544,0.0
3017,FIN1012545,1.0
3018,FIN1012546,0.0
3019,FIN1012547,0.0
3020,FIN1012548,0.0
3021,FIN1012549,0.0
3022,FIN1012550,0.0
3023,FIN1012551,0.0
3024,FIN1012552,0.0
3025,FIN1012553,0.0
3026,FIN1012554,1.0
3027,FIN1012555,0.0
3028,FIN1012556,0.0
3029,FIN1012557,0.0
3030,FIN1012558,1.0
3031,FIN1012559,0.0
3032,FIN1012560,0.0
3033,FIN1012561,0.0
3034,FIN1012562,0.0
3035,FIN1012563,0.0
3036,FIN1012564,0.0
3037,FIN1012565,1.0
3038,FIN1012566,1.0
3039,FIN1012567,0.0
3040,FIN1012568,0.0
3041,FIN1012569,0.0
3042,FIN1012570,0.0
3043,FIN1012571,0.0
3044,FIN1012572,0.0
3045,FIN1012573,0.0
3046,FIN1012574,0.0
3047,FIN1012575,0.0
3048,FIN1012576,0.0
3049,FIN1012577,0.0
3050,FIN1012578,0.0
3051,FIN1012579,0.0
3052,FIN1012580,0.0
3053,FIN1012581,0.0
3054,FIN1012582,0.0
3055,FIN1012583,0.0
3056,FIN1012584,0.0
3057,FIN1012585,0.0
3058,FIN1012586,0.0
3059,FIN1012587,0.0
3060,FIN1012588,1.0
3061,FIN1012589,0.0
3062,FIN1012590,1.0
3063,FIN1012591,0.0
3064,FIN1012592,1.0
3065,FIN1012593,0.0
3066,FIN1012594,0.0
3067,FIN1012595,1.0
3068,FIN1012596,0.0
3069,FIN1012597,0.0
3070,FIN1012598,0.0
3071,FIN1012599,0.0
3072,FIN1012600,0.0
3073,FIN1012601,0.0
3074,FIN1012602,0.0
3075,FIN1012603,1.0
3076,FIN1012604,0.0
3077,FIN1012605,0.0
3078,FIN1012606,1.0
3079,FIN1012607,1.0
3080,FIN1012608,1.0
3081,FIN1012609,1.0
3082,FIN1012610,0.0
3083,FIN1012611,1.0
3084,FIN1012612,0.0
3085,FIN1012613,0.0
3086,FIN1012614,0.0
3087,FIN1012615,1.0
3088,FIN1012616,1.0
3089,FIN1012617,0.0
3090,FIN1012618,0.0
3091,FIN1012619,0.0
3092,FIN1012620,0.0
3093,FIN1012621,0.0
3094,FIN1012622,0.0
3095,FIN1012623,0.0
3096,FIN1012624,0.0
3097,FIN1012625,0.0
3098,FIN1012626,1.0
3099,FIN1012627,0.0
3100,FIN1012628,0.0
3101,FIN1012629,0.0
3102,FIN1012630,0.0
3103,FIN1012631,0.0
3104,FIN1012632,0.0
3105,FIN1012633,0.0
3106,FIN1012634,0.0
3107,FIN1012635,0.0
3108,FIN1012636,0.0
3109,FIN1012637,0.0
3110,FIN1012638,1.0
3111,FIN1012639,1.0
3112,FIN1012640,0.0
3113,FIN1012641,1.0
3114,FIN1012642,0.0
3115,FIN1012643,0.0
3116,FIN1012644,0.0
3117,FIN1012645,1.0
3118,FIN1012646,0.0
3119,FIN1012647,0.0
3120,FIN1012648,0.0
3121,FIN1012649,1.0
3122,FIN1012650,1.0
3123,FIN1012651,1.0
3124,FIN1012652,0.0
3125,FIN1012653,1.0
3126,FIN1012654,1.0
3127,FIN1012655,0.0
3128,FIN1012656,1.0
3129,FIN1012657,0.0
3130,FIN1012658,0.0
3131,FIN1012659,0.0
3132,FIN1012660,0.0
3133,FIN1012661,0.0
3134,FIN1012662,0.0
3135,FIN1012663,0.0
3136,FIN1012664,0.0
3137,FIN1012665,0.0
3138,FIN1012666,0.0
3139,FIN1012667,0.0
3140,FIN1012668,0.0
3141,FIN1012669,0.0
3142,FIN1012670,1.0
3143,FIN1012671,0.0
3144,FIN1012672,0.0
3145,FIN1012673,0.0
3146,FIN1012674,0.0
3147,FIN1012675,0.0
3148,FIN1012676,0.0
3149,FIN1012677,1.0
3150,FIN1012678,0.0
3151,FIN1012679,0.0
3152,FIN1012680,0.0
3153,FIN1012681,0.0
3154,FIN1012682,0.0
3155,FIN1012683,0.0
3156,FIN1012684,1.0
3157,FIN1012685,0.0
3158,FIN1012686,0.0
3159,FIN1012687,0.0
3160,FIN1012688,1.0
3161,FIN1012689,0.0
3162,FIN1012690,1.0
3163,FIN1012691,0.0
3164,FIN1012692,0.0
3165,FIN1012693,0.0
3166,FIN1012694,0.0
3167,FIN1012695,0.0
3168,FIN1012696,0.0
3169,FIN1012697,0.0
3170,FIN1012698,0.0
3171,FIN1012699,1.0
3172,FIN1012700,1.0
3173,FIN1012701,0.0
3174,FIN1012702,0.0
3175,FIN1012703,0.0
3176,FIN1012704,0.0
3177,FIN1012705,0.0
3178,FIN1012706,1.0
3179,FIN1012707,0.0
3180,FIN1012708,0.0
3181,FIN1012709,0.0
3182,FIN1012710,0.0
3183,FIN1012711,0.0
3184,FIN1012712,0.0
3185,FIN1012713,0.0
3186,FIN1012714,0.0
3187,FIN1012715,0.0
3188,FIN1012716,1.0
3189,FIN1012717,0.0
3190,FIN1012718,0.0
3191,FIN1012719,0.0
3192,FIN1012720,0.0
3193,FIN1012721,0.0
3194,FIN1012722,0.0
3195,FIN1012723,0.0
3196,FIN1012724,0.0
3197,FIN1012725,0.0
3198,FIN1012726,1.0
3199,FIN1012727,1.0
3200,FIN1012728,0.0
3201,FIN1012729,0.0
3202,FIN1012730,0.0
3203,FIN1012731,0.0
3204,FIN1012732,0.0
3205,FIN1012733,0.0
3206,FIN1012734,0.0
3207,FIN1012735,0.0
3208,FIN1012736,0.0
3209,FIN1012737,0.0
3210,FIN1012738,0.0
3211,FIN1012739,0.0
3212,FIN1012740,0.0
3213,FIN1012741,0.0
3214,FIN1012742,1.0
3215,FIN1012743,0.0
3216,FIN1012744,1.0
3217,FIN1012745,1.0
3218,FIN1012746,0.0
3219,FIN1012747,0.0
3220,FIN1012748,0.0
3221,FIN1012749,1.0
3222,FIN1012750,1.0
3223,FIN1012751,1.0
3224,FIN1012752,0.0
3225,FIN1012753,0.0
3226,FIN1012754,0.0
3227,FIN1012755,1.0
3228,FIN1012756,0.0
3229,FIN1012757,0.0
3230,FIN1012758,0.0
3231,FIN1012759,1.0
3232,FIN1012760,0.0
3233,FIN1012761,0.0
3234,FIN1012762,0.0
3235,FIN1012763,1.0
3236,FIN1012764,0.0
3237,FIN1012765,0.0
3238,FIN1012766,0.0
3239,FIN1012767,0.0
3240,FIN1012768,1.0
3241,FIN1012769,0.0
3242,FIN1012770,0.0
3243,FIN1012771,0.0
3244,FIN1012772,0.0
3245,FIN1012773,0.0
3246,FIN1012774,0.0
3247,FIN1012775,0.0
3248,FIN1012776,1.0
3249,FIN1012777,0.0
3250,FIN1012778,0.0
3251,FIN1012779,0.0
3252,FIN1012780,0.0
3253,FIN1012781,0.0
3254,FIN1012782,0.0
3255,FIN1012783,1.0
3256,FIN1012784,0.0
3257,FIN1012785,1.0
3258,FIN1012786,0.0
3259,FIN1012787,0.0
3260,FIN1012788,0.0
3261,FIN1012789,0.0
3262,FIN1012790,0.0
3263,FIN1012791,0.0
3264,FIN1012792,0.0
3265,FIN1012793,1.0
3266,FIN1012794,0.0
3267,FIN1012795,0.0
3268,FIN1012796,1.0
3269,FIN1012797,0.0
3270,FIN1012798,0.0
3271,FIN1012799,1.0
3272,FIN1012800,0.0
3273,FIN1012801,1.0
3274,FIN1012802,0.0
3275,FIN1012803,0.0
3276,FIN1012804,0.0
3277,FIN1012805,0.0
3278,FIN1012806,0.0
3279,FIN1012807,0.0
3280,FIN1012808,1.0
3281,FIN1012809,0.0
3282,FIN1012810,0.0
3283,FIN1012811,1.0
3284,FIN1012812,0.0
3285,FIN1012813,0.0
3286,FIN1012814,0.0
3287,FIN1012815,1.0
3288,FIN1012816,1.0
3289,FIN1012817,1.0
3290,FIN1012818,0.0
3291,FIN1012819,0.0
3292,FIN1012820,0.0
3293,FIN1012821,1.0
3294,FIN1012822,0.0
3295,FIN1012823,0.0
3296,FIN1012824,0.0
3297,FIN1012825,0.0
3298,FIN1012826,0.0
3299,FIN1012827,0.0
3300,FIN1012828,0.0
3301,FIN1012829,0.0
3302,FIN1012830,0.0
3303,FIN1012831,0.0
3304,FIN1012832,1.0
3305,FIN1012833,1.0
3306,FIN1012834,0.0
3307,FIN1012835,0.0
3308,FIN1012836,0.0
3309,FIN1012837,0.0
3310,FIN1012838,1.0
3311,FIN1012839,0.0
3312,FIN1012840,0.0
3313,FIN1012841,1.0
3314,FIN1012842,0.0
3315,FIN1012843,1.0
3316,FIN1012844,0.0
3317,FIN1012845,0.0
3318,FIN1012846,0.0
3319,FIN1012847,0.0
3320,FIN1012848,0.0
3321,FIN1012849,0.0
3322,FIN1012850,1.0
3323,FIN1012851,0.0
3324,FIN1012852,1.0
3325,FIN1012853,0.0
3326,FIN1012854,1.0
3327,FIN1012855,0.0
3328,FIN1012856,0.0
3329,FIN1012857,0.0
3330,FIN1012858,0.0
3331,FIN1012859,0.0
3332,FIN1012860,0.0
3333,FIN1012861,0.0
3334,FIN1012862,1.0
3335,FIN1012863,0.0
3336,FIN1012864,1.0
3337,FIN1012865,1.0
3338,FIN1012866,0.0
3339,FIN1012867,0.0
3340,FIN1012868,0.0
3341,FIN1012869,0.0
3342,FIN1012870,1.0
3343,FIN1012871,0.0
3344,FIN1012872,0.0
3345,FIN1012873,0.0
3346,FIN1012874,1.0
3347,FIN1012875,1.0
3348,FIN1012876,0.0
3349,FIN1012877,0.0
3350,FIN1012878,0.0
3351,FIN1012879,0.0
3352,FIN1012880,0.0
3353,FIN1012881,0.0
3354,FIN1012882,0.0
3355,FIN1012883,0.0
3356,FIN1012884,0.0
3357,FIN1012885,1.0
3358,FIN1012886,0.0
3359,FIN1012887,1.0
3360,FIN1012888,0.0
3361,FIN1012889,0.0
3362,FIN1012890,0.0
3363,FIN1012891,1.0
3364,FIN1012892,1.0
3365,FIN1012893,1.0
3366,FIN1012894,1.0
3367,FIN1012895,1.0
3368,FIN1012896,0.0
3369,FIN1012897,0.0
3370,FIN1012898,0.0
3371,FIN1012899,0.0
3372,FIN1012900,1.0
3373,FIN1012901,0.0
3374,FIN1012902,0.0
3375,FIN1012903,0.0
3376,FIN1012904,0.0
3377,FIN1012905,1.0
3378,FIN1012906,0.0
3379,FIN1012907,0.0
3380,FIN1012908,0.0
3381,FIN1012909,0.0
3382,FIN1012910,1.0
3383,FIN1012911,1.0
3384,FIN1012912,0.0
3385,FIN1012913,0.0
3386,FIN1012914,0.0
3387,FIN1012915,0.0
3388,FIN1012916,0.0
3389,FIN1012917,0.0
3390,FIN1012918,0.0
3391,FIN1012919,0.0
3392,FIN1012920,0.0
3393,FIN1012921,0.0
3394,FIN1012922,1.0
3395,FIN1012923,0.0
3396,FIN1012924,0.0
3397,FIN1012925,0.0
3398,FIN1012926,1.0
3399,FIN1012927,0.0
3400,FIN1012928,1.0
3401,FIN1012929,0.0
3402,FIN1012930,0.0
3403,FIN1012931,0.0
3404,FIN1012932,0.0
3405,FIN1012933,0.0
3406,FIN1012934,1.0
3407,FIN1012935,1.0
3408,FIN1012936,1.0
3409,FIN1012937,0.0
3410,FIN1012938,1.0
3411,FIN1012939,0.0
3412,FIN1012940,0.0
3413,FIN1012941,0.0
3414,FIN1012942,0.0
3415,FIN1012943,0.0
3416,FIN1012944,1.0
3417,FIN1012945,0.0
3418,FIN1012946,1.0
3419,FIN1012947,0.0
3420,FIN1012948,0.0
3421,FIN1012949,0.0
3422,FIN1012950,0.0
3423,FIN1012951,0.0
3424,FIN1012952,0.0
3425,FIN1012953,0.0
3426,FIN1012954,0.0
3427,FIN1012955,0.0
3428,FIN1012956,1.0
3429,FIN1012957,0.0
3430,FIN1012958,1.0
3431,FIN1012959,0.0
3432,FIN1012960,1.0
3433,FIN1012961,0.0
3434,FIN1012962,0.0
3435,FIN1012963,0.0
3436,FIN1012964,0.0
3437,FIN1012965,1.0
3438,FIN1012966,1.0
3439,FIN1012967,0.0
3440,FIN1012968,0.0
3441,FIN1012969,0.0
3442,FIN1012970,0.0
3443,FIN1012971,0.0
3444,FIN1012972,0.0
3445,FIN1012973,0.0
3446,FIN1012974,0.0
3447,FIN1012975,0.0
3448,FIN1012976,0.0
3449,FIN1012977,0.0
3450,FIN1012978,0.0
3451,FIN1012979,0.0
3452,FIN1012980,0.0
3453,FIN1012981,0.0
3454,FIN1012982,1.0
3455,FIN1012983,1.0
3456,FIN1012984,0.0
3457,FIN1012985,0.0
3458,FIN1012986,0.0
3459,FIN1012987,0.0
3460,FIN1012988,0.0
3461,FIN1012989,0.0
3462,FIN1012990,0.0
3463,FIN1012991,0.0
3464,FIN1012992,0.0
3465,FIN1012993,1.0
3466,FIN1012994,0.0
3467,FIN1012995,0.0
3468,FIN1012996,0.0
3469,FIN1012997,0.0
3470,FIN1012998,0.0
3471,FIN1012999,0.0
3472,FIN1013000,0.0
3473,FIN1013001,0.0
3474,FIN1013002,0.0
3475,FIN1013003,1.0
3476,FIN1013004,1.0
3477,FIN1013005,0.0
3478,FIN1013006,0.0
3479,FIN1013007,0.0
3480,FIN1013008,0.0
3481,FIN1013009,0.0
3482,FIN1013010,0.0
3483,FIN1013011,0.0
3484,FIN1013012,0.0
3485,FIN1013013,1.0
3486,FIN1013014,1.0
3487,FIN1013015,0.0
3488,FIN1013016,0.0
3489,FIN1013017,0.0
3490,FIN1013018,0.0
3491,FIN1013019,0.0
3492,FIN1013020,1.0
3493,FIN1013021,1.0
3494,FIN1013022,0.0
3495,FIN1013023,0.0
3496,FIN1013024,0.0
3497,FIN1013025,0.0
3498,FIN1013026,1.0
3499,FIN1013027,1.0
3500,FIN1013028,0.0
3501,FIN1013029,0.0
3502,FIN1013030,0.0
3503,FIN1013031,0.0
3504,FIN1013032,0.0
3505,FIN1013033,1.0
3506,FIN1013034,0.0
3507,FIN1013035,1.0
3508,FIN1013036,0.0
3509,FIN1013037,0.0
3510,FIN1013038,0.0
3511,FIN1013039,0.0
3512,FIN1013040,0.0
3513,FIN1013041,0.0
3514,FIN1013042,1.0
3515,FIN1013043,0.0
3516,FIN1013044,0.0
3517,FIN1013045,0.0
3518,FIN1013046,0.0
3519,FIN1013047,0.0
3520,FIN1013048,0.0
3521,FIN1013049,0.0
3522,FIN1013050,1.0
3523,FIN1013051,0.0
3524,FIN1013052,0.0
3525,FIN1013053,0.0
3526,FIN1013054,0.0
3527,FIN1013055,0.0
3528,FIN1013056,0.0
3529,FIN1013057,0.0
3530,FIN1013058,0.0
3531,FIN1013059,0.0
3532,FIN1013060,0.0
3533,FIN1013061,0.0
3534,FIN1013062,0.0
3535,FIN1013063,1.0
3536,FIN1013064,0.0
3537,FIN1013065,0.0
3538,FIN1013066,1.0
3539,FIN1013067,1.0
3540,FIN1013068,0.0
3541,FIN1013069,0.0
3542,FIN1013070,1.0
3543,FIN1013071,1.0
3544,FIN1013072,1.0
3545,FIN1013073,0.0
3546,FIN1013074,0.0
3547,FIN1013075,0.0
3548,FIN1013076,0.0
3549,FIN1013077,0.0
3550,FIN1013078,1.0
3551,FIN1013079,1.0
3552,FIN1013080,0.0
3553,FIN1013081,0.0
3554,FIN1013082,0.0
3555,FIN1013083,0.0
3556,FIN1013084,1.0
3557,FIN1013085,0.0
3558,FIN1013086,0.0
3559,FIN1013087,1.0
3560,FIN1013088,1.0
3561,FIN1013089,0.0
3562,FIN1013090,0.0
3563,FIN1013091,0.0
3564,FIN1013092,0.0
3565,FIN1013093,0.0
3566,FIN1013094,0.0
3567,FIN1013095,0.0
3568,FIN1013096,1.0
3569,FIN1013097,0.0
3570,FIN1013098,0.0
3571,FIN1013099,0.0
3572,FIN1013100,1.0
3573,FIN1013101,0.0
3574,FIN1013102,1.0
3575,FIN1013103,0.0
3576,FIN1013104,0.0
3577,FIN1013105,0.0
3578,FIN1013106,1.0
3579,FIN1013107,1.0
3580,FIN1013108,0.0
3581,FIN1013109,0.0
3582,FIN1013110,1.0
3583,FIN1013111,0.0
3584,FIN1013112,0.0
3585,FIN1013113,0.0
3586,FIN1013114,0.0
3587,FIN1013115,0.0
3588,FIN1013116,0.0
3589,FIN1013117,1.0
3590,FIN1013118,0.0
3591,FIN1013119,0.0
3592,FIN1013120,0.0
3593,FIN1013121,1.0
3594,FIN1013122,0.0
3595,FIN1013123,0.0
3596,FIN1013124,1.0
3597,FIN1013125,1.0
3598,FIN1013126,0.0
3599,FIN1013127,0.0
3600,FIN1013128,0.0
3601,FIN1013129,0.0
3602,FIN1013130,1.0
3603,FIN1013131,0.0
3604,FIN1013132,0.0
3605,FIN1013133,1.0
3606,FIN1013134,0.0
3607,FIN1013135,0.0
3608,FIN1013136,0.0
3609,FIN1013137,0.0
3610,FIN1013138,0.0
3611,FIN1013139,0.0
3612,FIN1013140,0.0
3613,FIN1013141,1.0
3614,FIN1013142,1.0
3615,FIN1013143,0.0
3616,FIN1013144,0.0
3617,FIN1013145,0.0
3618,FIN1013146,1.0
3619,FIN1013147,0.0
3620,FIN1013148,0.0
3621,FIN1013149,1.0
3622,FIN1013150,0.0
3623,FIN1013151,0.0
3624,FIN1013152,0.0
3625,FIN1013153,0.0
3626,FIN1013154,0.0
3627,FIN1013155,0.0
3628,FIN1013156,0.0
3629,FIN1013157,0.0
3630,FIN1013158,1.0
3631,FIN1013159,0.0
3632,FIN1013160,1.0
3633,FIN1013161,0.0
3634,FIN1013162,0.0
3635,FIN1013163,1.0
3636,FIN1013164,0.0
3637,FIN1013165,0.0
3638,FIN1013166,1.0
3639,FIN1013167,1.0
3640,FIN1013168,0.0
3641,FIN1013169,0.0
3642,FIN1013170,0.0
3643,FIN1013171,0.0
3644,FIN1013172,0.0
3645,FIN1013173,1.0
3646,FIN1013174,0.0
3647,FIN1013175,0.0
3648,FIN1013176,0.0
3649,FIN1013177,0.0
3650,FIN1013178,0.0
3651,FIN1013179,1.0
3652,FIN1013180,1.0
3653,FIN1013181,0.0
3654,FIN1013182,1.0
3655,FIN1013183,0.0
3656,FIN1013184,0.0
3657,FIN1013185,1.0
3658,FIN1013186,0.0
3659,FIN1013187,1.0
3660,FIN1013188,0.0
3661,FIN1013189,1.0
3662,FIN1013190,0.0
3663,FIN1013191,0.0
3664,FIN1013192,1.0
3665,FIN1013193,0.0
3666,FIN1013194,0.0
3667,FIN1013195,0.0
3668,FIN1013196,0.0
3669,FIN1013197,1.0
3670,FIN1013198,0.0
3671,FIN1013199,0.0
3672,FIN1013200,1.0
3673,FIN1013201,0.0
3674,FIN1013202,1.0
3675,FIN1013203,0.0
3676,FIN1013204,1.0
3677,FIN1013205,0.0
3678,FIN1013206,0.0
3679,FIN1013207,0.0
3680,FIN1013208,0.0
3681,FIN1013209,0.0
3682,FIN1013210,0.0
3683,FIN1013211,0.0
3684,FIN1013212,0.0
3685,FIN1013213,0.0
3686,FIN1013214,0.0
3687,FIN1013215,0.0
3688,FIN1013216,1.0
3689,FIN1013217,0.0
3690,FIN1013218,0.0
3691,FIN1013219,0.0
3692,FIN1013220,0.0
3693,FIN1013221,1.0
3694,FIN1013222,0.0
3695,FIN1013223,1.0
3696,FIN1013224,1.0
3697,FIN1013225,0.0
3698,FIN1013226,0.0
3699,FIN1013227,0.0
3700,FIN1013228,0.0
3701,FIN1013229,1.0
3702,FIN1013230,0.0
3703,FIN1013231,0.0
3704,FIN1013232,0.0
3705,FIN1013233,0.0
3706,FIN1013234,0.0
3707,FIN1013235,0.0
3708,FIN1013236,0.0
3709,FIN1013237,0.0
3710,FIN1013238,0.0
3711,FIN1013239,0.0
3712,FIN1013240,1.0
3713,FIN1013241,0.0
3714,FIN1013242,0.0
3715,FIN1013243,0.0
3716,FIN1013244,0.0
3717,FIN1013245,0.0
3718,FIN1013246,1.0
3719,FIN1013247,0.0
3720,FIN1013248,0.0
3721,FIN1013249,0.0
3722,FIN1013250,1.0
3723,FIN1013251,0.0
3724,FIN1013252,1.0
3725,FIN1013253,1.0
3726,FIN1013254,0.0
3727,FIN1013255,1.0
3728,FIN1013256,0.0
3729,FIN1013257,1.0
3730,FIN1013258,0.0
3731,FIN1013259,0.0
3732,FIN1013260,1.0
3733,FIN1013261,0.0
3734,FIN1013262,0.0
3735,FIN1013263,0.0
3736,FIN1013264,0.0
3737,FIN1013265,0.0
3738,FIN1013266,0.0
3739,FIN1013267,0.0
3740,FIN1013268,1.0
3741,FIN1013269,0.0
3742,FIN1013270,0.0
3743,FIN1013271,0.0
3744,FIN1013272,0.0
3745,FIN1013273,1.0
3746,FIN1013274,0.0
3747,FIN1013275,0.0
3748,FIN1013276,0.0
3749,FIN1013277,0.0
3750,FIN1013278,0.0
3751,FIN1013279,0.0
3752,FIN1013280,1.0
3753,FIN1013281,0.0
3754,FIN1013282,0.0
3755,FIN1013283,0.0
3756,FIN1013284,0.0
3757,FIN1013285,0.0
3758,FIN1013286,0.0
3759,FIN1013287,0.0
3760,FIN1013288,1.0
3761,FIN1013289,0.0
3762,FIN1013290,1.0
3763,FIN1013291,0.0
3764,FIN1013292,0.0
3765,FIN1013293,0.0
3766,FIN1013294,0.0
3767,FIN1013295,0.0
3768,FIN1013296,0.0
3769,FIN1013297,1.0
3770,FIN1013298,0.0
3771,FIN1013299,0.0
3772,FIN1013300,1.0
3773,FIN1013301,1.0
3774,FIN1013302,1.0
3775,FIN1013303,0.0
3776,FIN1013304,0.0
3777,FIN1013305,1.0
3778,FIN1013306,0.0
3779,FIN1013307,1.0
3780,FIN1013308,0.0
3781,FIN1013309,0.0
3782,FIN1013310,0.0
3783,FIN1013311,0.0
3784,FIN1013312,1.0
3785,FIN1013313,1.0
3786,FIN1013314,0.0
3787,FIN1013315,1.0
3788,FIN1013316,0.0
3789,FIN1013317,0.0
3790,FIN1013318,0.0
3791,FIN1013319,0.0
3792,FIN1013320,1.0
3793,FIN1013321,1.0
3794,FIN1013322,0.0
3795,FIN1013323,0.0
3796,FIN1013324,0.0
3797,FIN1013325,0.0
3798,FIN1013326,1.0
3799,FIN1013327,0.0
3800,FIN1013328,1.0
3801,FIN1013329,0.0
3802,FIN1013330,0.0
3803,FIN1013331,0.0
3804,FIN1013332,0.0
3805,FIN1013333,0.0
3806,FIN1013334,0.0
3807,FIN1013335,0.0
3808,FIN1013336,1.0
3809,FIN1013337,0.0
3810,FIN1013338,0.0
3811,FIN1013339,0.0
3812,FIN1013340,0.0
3813,FIN1013341,0.0
3814,FIN1013342,1.0
3815,FIN1013343,0.0
3816,FIN1013344,0.0
3817,FIN1013345,1.0
3818,FIN1013346,0.0
3819,FIN1013347,1.0
3820,FIN1013348,1.0
3821,FIN1013349,0.0
3822,FIN1013350,1.0
3823,FIN1013351,0.0
3824,FIN1013352,1.0
3825,FIN1013353,0.0
3826,FIN1013354,0.0
3827,FIN1013355,0.0
3828,FIN1013356,0.0
3829,FIN1013357,1.0
3830,FIN1013358,0.0
3831,FIN1013359,0.0
3832,FIN1013360,0.0
3833,FIN1013361,0.0
3834,FIN1013362,0.0
3835,FIN1013363,0.0
3836,FIN1013364,1.0
3837,FIN1013365,1.0
3838,FIN1013366,1.0
3839,FIN1013367,1.0
3840,FIN1013368,1.0
3841,FIN1013369,0.0
3842,FIN1013370,1.0
3843,FIN1013371,0.0
3844,FIN1013372,1.0
3845,FIN1013373,0.0
3846,FIN1013374,0.0
3847,FIN1013375,0.0
3848,FIN1013376,0.0
3849,FIN1013377,0.0
3850,FIN1013378,0.0
3851,FIN1013379,1.0
3852,FIN1013380,0.0
3853,FIN1013381,0.0
3854,FIN1013382,0.0
3855,FIN1013383,0.0
3856,FIN1013384,0.0
3857,FIN1013385,1.0
3858,FIN1013386,0.0
3859,FIN1013387,0.0
3860,FIN1013388,0.0
3861,FIN1013389,0.0
3862,FIN1013390,1.0
3863,FIN1013391,0.0
3864,FIN1013392,0.0
3865,FIN1013393,0.0
3866,FIN1013394,1.0
3867,FIN1013395,1.0
3868,FIN1013396,0.0
3869,FIN1013397,0.0
3870,FIN1013398,0.0
3871,FIN1013399,1.0
3872,FIN1013400,0.0
3873,FIN1013401,1.0
3874,FIN1013402,0.0
3875,FIN1013403,1.0
3876,FIN1013404,0.0
3877,FIN1013405,0.0
3878,FIN1013406,0.0
3879,FIN1013407,0.0
3880,FIN1013408,1.0
3881,FIN1013409,1.0
3882,FIN1013410,0.0
3883,FIN1013411,0.0
3884,FIN1013412,1.0
3885,FIN1013413,0.0
3886,FIN1013414,0.0
3887,FIN1013415,1.0
3888,FIN1013416,1.0
3889,FIN1013417,0.0
3890,FIN1013418,0.0
3891,FIN1013419,0.0
3892,FIN1013420,0.0
3893,FIN1013421,0.0
3894,FIN1013422,0.0
3895,FIN1013423,0.0
3896,FIN1013424,0.0
3897,FIN1013425,1.0
3898,FIN1013426,0.0
3899,FIN1013427,1.0
3900,FIN1013428,0.0
3901,FIN1013429,0.0
3902,FIN1013430,0.0
3903,FIN1013431,0.0
3904,FIN1013432,0.0
3905,FIN1013433,0.0
3906,FIN1013434,0.0
3907,FIN1013435,0.0
3908,FIN1013436,0.0
3909,FIN1013437,0.0
3910,FIN1013438,0.0
3911,FIN1013439,0.0
3912,FIN1013440,0.0
3913,FIN1013441,0.0
3914,FIN1013442,1.0
3915,FIN1013443,0.0
3916,FIN1013444,1.0
3917,FIN1013445,0.0
3918,FIN1013446,0.0
3919,FIN1013447,0.0
3920,FIN1013448,1.0
3921,FIN1013449,1.0
3922,FIN1013450,1.0
3923,FIN1013451,1.0
3924,FIN1013452,0.0
3925,FIN1013453,0.0
3926,FIN1013454,1.0
3927,FIN1013455,0.0
3928,FIN1013456,0.0
3929,FIN1013457,0.0
3930,FIN1013458,0.0
3931,FIN1013459,0.0
3932,FIN1013460,0.0
3933,FIN1013461,0.0
3934,FIN1013462,1.0
3935,FIN1013463,0.0
3936,FIN1013464,1.0
3937,FIN1013465,0.0
3938,FIN1013466,0.0
3939,FIN1013467,0.0
3940,FIN1013468,0.0
3941,FIN1013469,0.0
3942,FIN1013470,1.0
3943,FIN1013471,1.0
3944,FIN1013472,1.0
3945,FIN1013473,0.0
3946,FIN1013474,0.0
3947,FIN1013475,1.0
3948,FIN1013476,1.0
3949,FIN1013477,1.0
3950,FIN1013478,1.0
3951,FIN1013479,0.0
3952,FIN1013480,0.0
3953,FIN1013481,0.0
3954,FIN1013482,0.0
3955,FIN1013483,0.0
3956,FIN1013484,1.0
3957,FIN1013485,0.0
3958,FIN1013486,1.0
3959,FIN1013487,1.0
3960,FIN1013488,0.0
3961,FIN1013489,0.0
3962,FIN1013490,0.0
3963,FIN1013491,1.0
3964,FIN1013492,0.0
3965,FIN1013493,0.0
3966,FIN1013494,0.0
3967,FIN1013495,0.0
3968,FIN1013496,0.0
3969,FIN1013497,0.0
3970,FIN1013498,0.0
3971,FIN1013499,0.0
3972,FIN1013500,0.0
3973,FIN1013501,0.0
3974,FIN1013502,1.0
3975,FIN1013503,0.0
3976,FIN1013504,0.0
3977,FIN1013505,0.0
3978,FIN1013506,0.0
3979,FIN1013507,0.0
3980,FIN1013508,1.0
3981,FIN1013509,1.0
3982,FIN1013510,1.0
3983,FIN1013511,1.0
3984,FIN1013512,0.0
3985,FIN1013513,0.0
3986,FIN1013514,0.0
3987,FIN1013515,0.0
3988,FIN1013516,0.0
3989,FIN1013517,1.0
3990,FIN1013518,0.0
3991,FIN1013519,0.0
3992,FIN1013520,0.0
3993,FIN1013521,0.0
3994,FIN1013522,0.0
3995,FIN1013523,0.0
3996,FIN1013524,0.0
3997,FIN1013525,1.0
3998,FIN1013526,0.0
3999,FIN1013527,0.0
4000,FIN1013528,0.0
4001,FIN1013529,0.0
4002,FIN1013530,0.0
4003,FIN1013531,0.0
4004,FIN1013532,0.0
4005,FIN1013533,0.0
4006,FIN1013534,1.0
4007,FIN1013535,1.0
4008,FIN1013536,0.0
4009,FIN1013537,0.0
4010,FIN1013538,0.0
4011,FIN1013539,0.0
4012,FIN1013540,0.0
4013,FIN1013541,0.0
4014,FIN1013542,1.0
4015,FIN1013543,0.0
4016,FIN1013544,0.0
4017,FIN1013545,0.0
4018,FIN1013546,0.0
4019,FIN1013547,0.0
4020,FIN1013548,0.0
4021,FIN1013549,1.0
4022,FIN1013550,0.0
4023,FIN1013551,0.0
4024,FIN1013552,0.0
4025,FIN1013553,1.0
4026,FIN1013554,0.0
4027,FIN1013555,0.0
4028,FIN1013556,0.0
4029,FIN1013557,0.0
4030,FIN1013558,0.0
4031,FIN1013559,1.0
4032,FIN1013560,0.0
4033,FIN1013561,1.0
4034,FIN1013562,1.0
4035,FIN1013563,0.0
4036,FIN1013564,0.0
4037,FIN1013565,0.0
4038,FIN1013566,0.0
4039,FIN1013567,1.0
4040,FIN1013568,0.0
4041,FIN1013569,0.0
4042,FIN1013570,0.0
4043,FIN1013571,1.0
4044,FIN1013572,0.0
4045,FIN1013573,0.0
4046,FIN1013574,0.0
4047,FIN1013575,1.0
4048,FIN1013576,0.0
4049,FIN1013577,0.0
4050,FIN1013578,0.0
4051,FIN1013579,0.0
4052,FIN1013580,0.0
4053,FIN1013581,0.0
4054,FIN1013582,0.0
4055,FIN1013583,0.0
4056,FIN1013584,0.0
4057,FIN1013585,0.0
4058,FIN1013586,0.0
4059,FIN1013587,0.0
4060,FIN1013588,0.0
4061,FIN1013589,1.0
4062,FIN1013590,0.0
4063,FIN1013591,0.0
4064,FIN1013592,0.0
4065,FIN1013593,0.0
4066,FIN1013594,1.0
4067,FIN1013595,1.0
4068,FIN1013596,0.0
4069,FIN1013597,0.0
4070,FIN1013598,0.0
4071,FIN1013599,0.0
4072,FIN1013600,0.0
4073,FIN1013601,0.0
4074,FIN1013602,0.0
4075,FIN1013603,0.0
4076,FIN1013604,0.0
4077,FIN1013605,0.0
4078,FIN1013606,0.0
4079,FIN1013607,1.0
4080,FIN1013608,1.0
4081,FIN1013609,0.0
4082,FIN1013610,0.0
4083,FIN1013611,1.0
4084,FIN1013612,0.0
4085,FIN1013613,1.0
4086,FIN1013614,0.0
4087,FIN1013615,0.0
4088,FIN1013616,0.0
4089,FIN1013617,0.0
4090,FIN1013618,0.0
4091,FIN1013619,0.0
4092,FIN1013620,0.0
4093,FIN1013621,1.0
4094,FIN1013622,0.0
4095,FIN1013623,0.0
4096,FIN1013624,0.0
4097,FIN1013625,0.0
4098,FIN1013626,0.0
4099,FIN1013627,0.0
4100,FIN1013628,0.0
4101,FIN1013629,0.0
4102,FIN1013630,1.0
4103,FIN1013631,0.0
4104,FIN1013632,1.0
4105,FIN1013633,0.0
4106,FIN1013634,1.0
4107,FIN1013635,0.0
4108,FIN1013636,0.0
4109,FIN1013637,0.0
4110,FIN1013638,1.0
4111,FIN1013639,0.0
4112,FIN1013640,1.0
4113,FIN1013641,0.0
4114,FIN1013642,0.0
4115,FIN1013643,0.0
4116,FIN1013644,1.0
4117,FIN1013645,0.0
4118,FIN1013646,1.0
4119,FIN1013647,0.0
4120,FIN1013648,0.0
4121,FIN1013649,1.0
4122,FIN1013650,0.0
4123,FIN1013651,0.0
4124,FIN1013652,0.0
4125,FIN1013653,1.0
4126,FIN1013654,1.0
4127,FIN1013655,1.0
4128,FIN1013656,0.0
4129,FIN1013657,0.0
4130,FIN1013658,0.0
4131,FIN1013659,1.0
4132,FIN1013660,1.0
4133,FIN1013661,0.0
4134,FIN1013662,1.0
4135,FIN1013663,0.0
4136,FIN1013664,0.0
4137,FIN1013665,0.0
4138,FIN1013666,0.0
4139,FIN1013667,0.0
4140,FIN1013668,0.0
4141,FIN1013669,0.0
4142,FIN1013670,0.0
4143,FIN1013671,0.0
4144,FIN1013672,0.0
4145,FIN1013673,0.0
4146,FIN1013674,1.0
4147,FIN1013675,0.0
4148,FIN1013676,0.0
4149,FIN1013677,0.0
4150,FIN1013678,0.0
4151,FIN1013679,0.0
4152,FIN1013680,0.0
4153,FIN1013681,1.0
4154,FIN1013682,0.0
4155,FIN1013683,0.0
4156,FIN1013684,0.0
4157,FIN1013685,0.0
4158,FIN1013686,0.0
4159,FIN1013687,0.0
4160,FIN1013688,0.0
4161,FIN1013689,1.0
4162,FIN1013690,1.0
4163,FIN1013691,0.0
4164,FIN1013692,0.0
4165,FIN1013693,0.0
4166,FIN1013694,0.0
4167,FIN1013695,0.0
4168,FIN1013696,0.0
4169,FIN1013697,0.0
4170,FIN1013698,0.0
4171,FIN1013699,0.0
4172,FIN1013700,0.0
4173,FIN1013701,0.0
4174,FIN1013702,0.0
4175,FIN1013703,1.0
4176,FIN1013704,0.0
4177,FIN1013705,0.0
4178,FIN1013706,0.0
4179,FIN1013707,0.0
4180,FIN1013708,0.0
4181,FIN1013709,1.0
4182,FIN1013710,0.0
4183,FIN1013711,1.0
4184,FIN1013712,0.0
4185,FIN1013713,0.0
4186,FIN1013714,1.0
4187,FIN1013715,1.0
4188,FIN1013716,0.0
4189,FIN1013717,0.0
4190,FIN1013718,0.0
4191,FIN1013719,0.0
4192,FIN1013720,0.0
4193,FIN1013721,0.0
4194,FIN1013722,1.0
4195,FIN1013723,1.0
4196,FIN1013724,1.0
4197,FIN1013725,0.0
4198,FIN1013726,0.0
4199,FIN1013727,0.0
4200,FIN1013728,1.0
4201,FIN1013729,0.0
4202,FIN1013730,0.0
4203,FIN1013731,0.0
4204,FIN1013732,0.0
4205,FIN1013733,0.0
4206,FIN1013734,0.0
4207,FIN1013735,0.0
4208,FIN1013736,0.0
4209,FIN1013737,0.0
4210,FIN1013738,0.0
4211,FIN1013739,0.0
4212,FIN1013740,0.0
4213,FIN1013741,0.0
4214,FIN1013742,1.0
4215,FIN1013743,1.0
4216,FIN1013744,1.0
4217,FIN1013745,0.0
4218,FIN1013746,1.0
4219,FIN1013747,0.0
4220,FIN1013748,0.0
4221,FIN1013749,0.0
4222,FIN1013750,0.0
4223,FIN1013751,0.0
4224,FIN1013752,0.0
4225,FIN1013753,0.0
4226,FIN1013754,1.0
4227,FIN1013755,0.0
4228,FIN1013756,0.0
4229,FIN1013757,0.0
4230,FIN1013758,0.0
4231,FIN1013759,0.0
4232,FIN1013760,0.0
4233,FIN1013761,0.0
4234,FIN1013762,0.0
4235,FIN1013763,0.0
4236,FIN1013764,0.0
4237,FIN1013765,1.0
4238,FIN1013766,1.0
4239,FIN1013767,0.0
4240,FIN1013768,0.0
4241,FIN1013769,0.0
4242,FIN1013770,0.0
4243,FIN1013771,0.0
4244,FIN1013772,0.0
4245,FIN1013773,0.0
4246,FIN1013774,0.0
4247,FIN1013775,0.0
4248,FIN1013776,0.0
4249,FIN1013777,0.0
4250,FIN1013778,1.0
4251,FIN1013779,0.0
4252,FIN1013780,0.0
4253,FIN1013781,0.0
4254,FIN1013782,0.0
4255,FIN1013783,0.0
4256,FIN1013784,0.0
4257,FIN1013785,0.0
4258,FIN1013786,0.0
4259,FIN1013787,1.0
4260,FIN1013788,1.0
4261,FIN1013789,0.0
4262,FIN1013790,0.0
4263,FIN1013791,1.0
4264,FIN1013792,0.0
4265,FIN1013793,0.0
4266,FIN1013794,0.0
4267,FIN1013795,0.0
4268,FIN1013796,0.0
4269,FIN1013797,0.0
4270,FIN1013798,0.0
4271,FIN1013799,0.0
4272,FIN1013800,0.0
4273,FIN1013801,0.0
4274,FIN1013802,0.0
4275,FIN1013803,0.0
4276,FIN1013804,0.0
4277,FIN1013805,0.0
4278,FIN1013806,0.0
4279,FIN1013807,0.0
4280,FIN1013808,0.0
4281,FIN1013809,1.0
4282,FIN1013810,0.0
4283,FIN1013811,0.0
4284,FIN1013812,1.0
4285,FIN1013813,0.0
4286,FIN1013814,0.0
4287,FIN1013815,0.0
4288,FIN1013816,0.0
4289,FIN1013817,0.0
4290,FIN1013818,1.0
4291,FIN1013819,1.0
4292,FIN1013820,0.0
4293,FIN1013821,0.0
4294,FIN1013822,0.0
4295,FIN1013823,0.0
4296,FIN1013824,0.0
4297,FIN1013825,0.0
4298,FIN1013826,1.0
4299,FIN1013827,0.0
4300,FIN1013828,0.0
4301,FIN1013829,0.0
4302,FIN1013830,0.0
4303,FIN1013831,0.0
4304,FIN1013832,0.0
4305,FIN1013833,1.0
4306,FIN1013834,0.0
4307,FIN1013835,0.0
4308,FIN1013836,0.0
4309,FIN1013837,0.0
4310,FIN1013838,1.0
4311,FIN1013839,0.0
4312,FIN1013840,1.0
4313,FIN1013841,0.0
4314,FIN1013842,0.0
4315,FIN1013843,1.0
4316,FIN1013844,0.0
4317,FIN1013845,1.0
4318,FIN1013846,0.0
4319,FIN1013847,0.0
4320,FIN1013848,1.0
4321,FIN1013849,1.0
4322,FIN1013850,1.0
4323,FIN1013851,0.0
4324,FIN1013852,0.0
4325,FIN1013853,0.0
4326,FIN1013854,1.0
4327,FIN1013855,0.0
4328,FIN1013856,1.0
4329,FIN1013857,0.0
4330,FIN1013858,0.0
4331,FIN1013859,0.0
4332,FIN1013860,0.0
4333,FIN1013861,0.0
4334,FIN1013862,1.0
4335,FIN1013863,0.0
4336,FIN1013864,0.0
4337,FIN1013865,0.0
4338,FIN1013866,0.0
4339,FIN1013867,0.0
4340,FIN1013868,0.0
4341,FIN1013869,0.0
4342,FIN1013870,0.0
4343,FIN1013871,0.0
4344,FIN1013872,0.0
4345,FIN1013873,1.0
4346,FIN1013874,0.0
4347,FIN1013875,0.0
4348,FIN1013876,0.0
4349,FIN1013877,0.0
4350,FIN1013878,0.0
4351,FIN1013879,0.0
4352,FIN1013880,0.0
4353,FIN1013881,1.0
4354,FIN1013882,1.0
4355,FIN1013883,1.0
4356,FIN1013884,0.0
4357,FIN1013885,1.0
4358,FIN1013886,0.0
4359,FIN1013887,0.0
4360,FIN1013888,1.0
4361,FIN1013889,0.0
4362,FIN1013890,0.0
4363,FIN1013891,1.0
4364,FIN1013892,0.0
4365,FIN1013893,0.0
4366,FIN1013894,0.0
4367,FIN1013895,0.0
4368,FIN1013896,0.0
4369,FIN1013897,0.0
4370,FIN1013898,0.0
4371,FIN1013899,0.0
4372,FIN1013900,0.0
4373,FIN1013901,1.0
4374,FIN1013902,0.0
4375,FIN1013903,0.0
4376,FIN1013904,0.0
4377,FIN1013905,0.0
4378,FIN1013906,1.0
4379,FIN1013907,0.0
4380,FIN1013908,0.0
4381,FIN1013909,0.0
4382,FIN1013910,0.0
4383,FIN1013911,0.0
4384,FIN1013912,0.0
4385,FIN1013913,0.0
4386,FIN1013914,0.0
4387,FIN1013915,0.0
4388,FIN1013916,1.0
4389,FIN1013917,0.0
4390,FIN1013918,0.0
4391,FIN1013919,0.0
4392,FIN1013920,1.0
4393,FIN1013921,0.0
4394,FIN1013922,0.0
4395,FIN1013923,0.0
4396,FIN1013924,0.0
4397,FIN1013925,0.0
4398,FIN1013926,0.0
4399,FIN1013927,1.0
4400,FIN1013928,0.0
4401,FIN1013929,0.0
4402,FIN1013930,0.0
4403,FIN1013931,0.0
4404,FIN1013932,1.0
4405,FIN1013933,0.0
4406,FIN1013934,0.0
4407,FIN1013935,1.0
4408,FIN1013936,0.0
4409,FIN1013937,0.0
4410,FIN1013938,0.0
4411,FIN1013939,0.0
4412,FIN1013940,1.0
4413,FIN1013941,1.0
4414,FIN1013942,0.0
4415,FIN1013943,0.0
4416,FIN1013944,0.0
4417,FIN1013945,0.0
4418,FIN1013946,0.0
4419,FIN1013947,0.0
4420,FIN1013948,0.0
4421,FIN1013949,0.0
4422,FIN1013950,0.0
4423,FIN1013951,0.0
4424,FIN1013952,0.0
4425,FIN1013953,1.0
4426,FIN1013954,0.0
4427,FIN1013955,0.0
4428,FIN1013956,0.0
4429,FIN1013957,0.0
4430,FIN1013958,0.0
4431,FIN1013959,0.0
4432,FIN1013960,0.0
4433,FIN1013961,0.0
4434,FIN1013962,1.0
4435,FIN1013963,0.0
4436,FIN1013964,1.0
4437,FIN1013965,0.0
4438,FIN1013966,1.0
4439,FIN1013967,0.0
4440,FIN1013968,0.0
4441,FIN1013969,0.0
4442,FIN1013970,0.0
4443,FIN1013971,1.0
4444,FIN1013972,0.0
4445,FIN1013973,0.0
4446,FIN1013974,1.0
4447,FIN1013975,0.0
4448,FIN1013976,1.0
4449,FIN1013977,0.0
4450,FIN1013978,0.0
4451,FIN1013979,0.0
4452,FIN1013980,0.0
4453,FIN1013981,0.0
4454,FIN1013982,1.0
4455,FIN1013983,1.0
4456,FIN1013984,1.0
4457,FIN1013985,1.0
4458,FIN1013986,0.0
4459,FIN1013987,0.0
4460,FIN1013988,1.0
4461,FIN1013989,0.0
4462,FIN1013990,0.0
4463,FIN1013991,0.0
4464,FIN1013992,1.0
4465,FIN1013993,0.0
4466,FIN1013994,0.0
4467,FIN1013995,0.0
4468,FIN1013996,0.0
4469,FIN1013997,0.0
4470,FIN1013998,1.0
4471,FIN1013999,0.0
4472,FIN1014000,1.0
4473,FIN1014001,0.0
4474,FIN1014002,0.0
4475,FIN1014003,1.0
4476,FIN1014004,0.0
4477,FIN1014005,0.0
4478,FIN1014006,0.0
4479,FIN1014007,0.0
4480,FIN1014008,1.0
4481,FIN1014009,0.0
4482,FIN1014010,1.0
4483,FIN1014011,1.0
4484,FIN1014012,0.0
4485,FIN1014013,0.0
4486,FIN1014014,1.0
4487,FIN1014015,1.0
4488,FIN1014016,0.0
4489,FIN1014017,0.0
4490,FIN1014018,0.0
4491,FIN1014019,1.0
4492,FIN1014020,0.0
4493,FIN1014021,0.0
4494,FIN1014022,0.0
4495,FIN1014023,0.0
4496,FIN1014024,0.0
4497,FIN1014025,0.0
4498,FIN1014026,0.0
4499,FIN1014027,0.0
4500,FIN1014028,1.0
4501,FIN1014029,0.0
4502,FIN1014030,0.0
4503,FIN1014031,0.0
4504,FIN1014032,0.0
4505,FIN1014033,0.0
4506,FIN1014034,0.0
4507,FIN1014035,0.0
4508,FIN1014036,0.0
4509,FIN1014037,0.0
4510,FIN1014038,1.0
4511,FIN1014039,1.0
4512,FIN1014040,0.0
4513,FIN1014041,0.0
4514,FIN1014042,0.0
4515,FIN1014043,0.0
4516,FIN1014044,0.0
4517,FIN1014045,0.0
4518,FIN1014046,0.0
4519,FIN1014047,0.0
4520,FIN1014048,0.0
4521,FIN1014049,0.0
4522,FIN1014050,0.0
4523,FIN1014051,0.0
4524,FIN1014052,1.0
4525,FIN1014053,0.0
4526,FIN1014054,0.0
4527,FIN1014055,0.0
4528,FIN1014056,0.0
4529,FIN1014057,0.0
4530,FIN1014058,0.0
4531,FIN1014059,0.0
4532,FIN1014060,0.0
4533,FIN1014061,0.0
4534,FIN1014062,0.0
4535,FIN1014063,0.0
4536,FIN1014064,0.0
4537,FIN1014065,1.0
4538,FIN1014066,0.0
4539,FIN1014067,0.0
4540,FIN1014068,0.0
4541,FIN1014069,0.0
4542,FIN1014070,0.0
4543,FIN1014071,0.0
4544,FIN1014072,1.0
4545,FIN1014073,1.0
4546,FIN1014074,0.0
4547,FIN1014075,0.0
4548,FIN1014076,0.0
4549,FIN1014077,1.0
4550,FIN1014078,0.0
4551,FIN1014079,0.0
4552,FIN1014080,0.0
4553,FIN1014081,0.0
4554,FIN1014082,1.0
4555,FIN1014083,0.0
4556,FIN1014084,0.0
4557,FIN1014085,1.0
4558,FIN1014086,1.0
4559,FIN1014087,0.0
4560,FIN1014088,0.0
4561,FIN1014089,1.0
4562,FIN1014090,0.0
4563,FIN1014091,0.0
4564,FIN1014092,0.0
4565,FIN1014093,0.0
4566,FIN1014094,1.0
4567,FIN1014095,0.0
4568,FIN1014096,0.0
4569,FIN1014097,1.0
4570,FIN1014098,0.0
4571,FIN1014099,0.0
4572,FIN1014100,0.0
4573,FIN1014101,0.0
4574,FIN1014102,0.0
4575,FIN1014103,0.0
4576,FIN1014104,0.0
4577,FIN1014105,0.0
4578,FIN1014106,0.0
4579,FIN1014107,0.0
4580,FIN1014108,0.0
4581,FIN1014109,0.0
4582,FIN1014110,1.0
4583,FIN1014111,0.0
4584,FIN1014112,0.0
4585,FIN1014113,0.0
4586,FIN1014114,0.0
4587,FIN1014115,0.0
4588,FIN1014116,0.0
4589,FIN1014117,0.0
4590,FIN1014118,0.0
4591,FIN1014119,0.0
4592,FIN1014120,0.0
4593,FIN1014121,0.0
4594,FIN1014122,0.0
4595,FIN1014123,0.0
4596,FIN1014124,1.0
4597,FIN1014125,0.0
4598,FIN1014126,0.0
4599,FIN1014127,0.0
4600,FIN1014128,0.0
4601,FIN1014129,1.0
4602,FIN1014130,0.0
4603,FIN1014131,0.0
4604,FIN1014132,0.0
4605,FIN1014133,0.0
4606,FIN1014134,0.0
4607,FIN1014135,0.0
4608,FIN1014136,0.0
4609,FIN1014137,0.0
4610,FIN1014138,0.0
4611,FIN1014139,0.0
4612,FIN1014140,0.0
4613,FIN1014141,0.0
4614,FIN1014142,1.0
4615,FIN1014143,1.0
4616,FIN1014144,0.0
4617,FIN1014145,1.0
4618,FIN1014146,1.0
4619,FIN1014147,0.0
4620,FIN1014148,0.0
4621,FIN1014149,1.0
4622,FIN1014150,0.0
4623,FIN1014151,0.0
4624,FIN1014152,0.0
4625,FIN1014153,0.0
4626,FIN1014154,0.0
4627,FIN1014155,0.0
4628,FIN1014156,1.0
4629,FIN1014157,0.0
4630,FIN1014158,0.0
4631,FIN1014159,0.0
4632,FIN1014160,1.0
4633,FIN1014161,0.0
4634,FIN1014162,0.0
4635,FIN1014163,0.0
4636,FIN1014164,0.0
4637,FIN1014165,0.0
4638,FIN1014166,0.0
4639,FIN1014167,0.0
4640,FIN1014168,0.0
4641,FIN1014169,0.0
4642,FIN1014170,0.0
4643,FIN1014171,0.0
4644,FIN1014172,0.0
4645,FIN1014173,0.0
4646,FIN1014174,0.0
4647,FIN1014175,1.0
4648,FIN1014176,0.0
4649,FIN1014177,1.0
4650,FIN1014178,1.0
4651,FIN1014179,0.0
4652,FIN1014180,0.0
4653,FIN1014181,1.0
4654,FIN1014182,0.0
4655,FIN1014183,0.0
4656,FIN1014184,0.0
4657,FIN1014185,1.0
4658,FIN1014186,0.0
4659,FIN1014187,1.0
4660,FIN1014188,1.0
4661,FIN1014189,0.0
4662,FIN1014190,0.0
4663,FIN1014191,1.0
4664,FIN1014192,0.0
4665,FIN1014193,0.0
4666,FIN1014194,0.0
4667,FIN1014195,0.0
4668,FIN1014196,0.0
4669,FIN1014197,0.0
4670,FIN1014198,0.0
4671,FIN1014199,0.0
4672,FIN1014200,0.0
4673,FIN1014201,1.0
4674,FIN1014202,0.0
4675,FIN1014203,1.0
4676,FIN1014204,0.0
4677,FIN1014205,0.0
4678,FIN1014206,0.0
4679,FIN1014207,0.0
4680,FIN1014208,0.0
4681,FIN1014209,0.0
4682,FIN1014210,0.0
4683,FIN1014211,0.0
4684,FIN1014212,0.0
4685,FIN1014213,0.0
4686,FIN1014214,0.0
4687,FIN1014215,0.0
4688,FIN1014216,0.0
4689,FIN1014217,0.0
4690,FIN1014218,0.0
4691,FIN1014219,1.0
4692,FIN1014220,0.0
4693,FIN1014221,0.0
4694,FIN1014222,0.0
4695,FIN1014223,0.0
4696,FIN1014224,0.0
4697,FIN1014225,0.0
4698,FIN1014226,0.0
4699,FIN1014227,0.0
4700,FIN1014228,0.0
4701,FIN1014229,0.0
4702,FIN1014230,0.0
4703,FIN1014231,0.0
4704,FIN1014232,0.0
4705,FIN1014233,0.0
4706,FIN1014234,1.0
4707,FIN1014235,0.0
4708,FIN1014236,0.0
4709,FIN1014237,1.0
4710,FIN1014238,1.0
4711,FIN1014239,0.0
4712,FIN1014240,0.0
4713,FIN1014241,0.0
4714,FIN1014242,0.0
4715,FIN1014243,0.0
4716,FIN1014244,1.0
4717,FIN1014245,1.0
4718,FIN1014246,1.0
4719,FIN1014247,0.0
4720,FIN1014248,1.0
4721,FIN1014249,0.0
4722,FIN1014250,1.0
4723,FIN1014251,0.0
4724,FIN1014252,0.0
4725,FIN1014253,0.0
4726,FIN1014254,0.0
4727,FIN1014255,0.0
4728,FIN1014256,0.0
4729,FIN1014257,0.0
4730,FIN1014258,0.0
4731,FIN1014259,0.0
4732,FIN1014260,0.0
4733,FIN1014261,1.0
4734,FIN1014262,0.0
4735,FIN1014263,0.0
4736,FIN1014264,0.0
4737,FIN1014265,1.0
4738,FIN1014266,0.0
4739,FIN1014267,0.0
4740,FIN1014268,0.0
4741,FIN1014269,0.0
4742,FIN1014270,0.0
4743,FIN1014271,0.0
4744,FIN1014272,0.0
4745,FIN1014273,0.0
4746,FIN1014274,1.0
4747,FIN1014275,1.0
4748,FIN1014276,0.0
4749,FIN1014277,1.0
4750,FIN1014278,0.0
4751,FIN1014279,0.0
4752,FIN1014280,0.0
4753,FIN1014281,0.0
4754,FIN1014282,0.0
4755,FIN1014283,0.0
4756,FIN1014284,1.0
4757,FIN1014285,0.0
4758,FIN1014286,0.0
4759,FIN1014287,1.0
4760,FIN1014288,0.0
4761,FIN1014289,0.0
4762,FIN1014290,0.0
4763,FIN1014291,1.0
4764,FIN1014292,0.0
4765,FIN1014293,0.0
4766,FIN1014294,0.0
4767,FIN1014295,0.0
4768,FIN1014296,0.0
4769,FIN1014297,0.0
4770,FIN1014298,0.0
4771,FIN1014299,1.0
4772,FIN1014300,0.0
4773,FIN1014301,0.0
4774,FIN1014302,1.0
4775,FIN1014303,0.0
4776,FIN1014304,0.0
4777,FIN1014305,0.0
4778,FIN1014306,0.0
4779,FIN1014307,0.0
4780,FIN1014308,0.0
4781,FIN1014309,0.0
4782,FIN1014310,0.0
4783,FIN1014311,1.0
4784,FIN1014312,0.0
4785,FIN1014313,1.0
4786,FIN1014314,0.0
4787,FIN1014315,1.0
4788,FIN1014316,0.0
4789,FIN1014317,0.0
4790,FIN1014318,0.0
4791,FIN1014319,1.0
4792,FIN1014320,0.0
4793,FIN1014321,1.0
4794,FIN1014322,0.0
4795,FIN1014323,1.0
4796,FIN1014324,0.0
4797,FIN1014325,1.0
4798,FIN1014326,1.0
4799,FIN1014327,0.0
4800,FIN1014328,0.0
4801,FIN1014329,0.0
4802,FIN1014330,0.0
4803,FIN1014331,0.0
4804,FIN1014332,0.0
4805,FIN1014333,0.0
4806,FIN1014334,1.0
4807,FIN1014335,0.0
4808,FIN1014336,1.0
4809,FIN1014337,1.0
4810,FIN1014338,0.0
4811,FIN1014339,0.0
4812,FIN1014340,0.0
4813,FIN1014341,0.0
4814,FIN1014342,0.0
4815,FIN1014343,0.0
4816,FIN1014344,0.0
4817,FIN1014345,0.0
4818,FIN1014346,0.0
4819,FIN1014347,1.0
4820,FIN1014348,0.0
4821,FIN1014349,0.0
4822,FIN1014350,0.0
4823,FIN1014351,0.0
4824,FIN1014352,1.0
4825,FIN1014353,0.0
4826,FIN1014354,0.0
4827,FIN1014355,0.0
4828,FIN1014356,0.0
4829,FIN1014357,0.0
4830,FIN1014358,0.0
4831,FIN1014359,0.0
4832,FIN1014360,1.0
4833,FIN1014361,0.0
4834,FIN1014362,0.0
4835,FIN1014363,0.0
4836,FIN1014364,0.0
4837,FIN1014365,1.0
4838,FIN1014366,1.0
4839,FIN1014367,1.0
4840,FIN1014368,0.0
4841,FIN1014369,0.0
4842,FIN1014370,1.0
4843,FIN1014371,1.0
4844,FIN1014372,0.0
4845,FIN1014373,0.0
4846,FIN1014374,0.0
4847,FIN1014375,0.0
4848,FIN1014376,0.0
4849,FIN1014377,0.0
4850,FIN1014378,0.0
4851,FIN1014379,0.0
4852,FIN1014380,0.0
4853,FIN1014381,0.0
4854,FIN1014382,0.0
4855,FIN1014383,0.0
4856,FIN1014384,0.0
4857,FIN1014385,0.0
4858,FIN1014386,1.0
4859,FIN1014387,0.0
4860,FIN1014388,0.0
4861,FIN1014389,0.0
4862,FIN1014390,1.0
4863,FIN1014391,0.0
4864,FIN1014392,0.0
4865,FIN1014393,0.0
4866,FIN1014394,0.0
4867,FIN1014395,0.0
4868,FIN1014396,1.0
4869,FIN1014397,0.0
4870,FIN1014398,0.0
4871,FIN1014399,0.0
4872,FIN1014400,1.0
4873,FIN1014401,0.0
4874,FIN1014402,0.0
4875,FIN1014403,0.0
4876,FIN1014404,0.0
4877,FIN1014405,1.0
4878,FIN1014406,0.0
4879,FIN1014407,0.0
4880,FIN1014408,0.0
4881,FIN1014409,1.0
4882,FIN1014410,0.0
4883,FIN1014411,0.0
4884,FIN1014412,0.0
4885,FIN1014413,0.0
4886,FIN1014414,0.0
4887,FIN1014415,0.0
4888,FIN1014416,1.0
4889,FIN1014417,0.0
4890,FIN1014418,0.0
4891,FIN1014419,0.0
4892,FIN1014420,0.0
4893,FIN1014421,0.0
4894,FIN1014422,0.0
4895,FIN1014423,0.0
4896,FIN1014424,0.0
4897,FIN1014425,0.0
4898,FIN1014426,0.0
4899,FIN1014427,0.0
4900,FIN1014428,0.0
4901,FIN1014429,0.0
4902,FIN1014430,0.0
4903,FIN1014431,0.0
4904,FIN1014432,0.0
4905,FIN1014433,0.0
4906,FIN1014434,1.0
4907,FIN1014435,0.0
4908,FIN1014436,1.0
4909,FIN1014437,1.0
4910,FIN1014438,0.0
4911,FIN1014439,0.0
4912,FIN1014440,0.0
4913,FIN1014441,0.0
4914,FIN1014442,0.0
4915,FIN1014443,1.0
4916,FIN1014444,1.0
4917,FIN1014445,1.0
4918,FIN1014446,0.0
4919,FIN1014447,0.0
4920,FIN1014448,1.0
4921,FIN1014449,0.0
4922,FIN1014450,0.0
4923,FIN1014451,1.0
4924,FIN1014452,1.0
4925,FIN1014453,0.0
4926,FIN1014454,1.0
4927,FIN1014455,1.0
4928,FIN1014456,0.0
4929,FIN1014457,0.0
4930,FIN1014458,0.0
4931,FIN1014459,0.0
4932,FIN1014460,0.0
4933,FIN1014461,0.0
4934,FIN1014462,0.0
4935,FIN1014463,0.0
4936,FIN1014464,0.0
4937,FIN1014465,1.0
4938,FIN1014466,0.0
4939,FIN1014467,0.0
4940,FIN1014468,0.0
4941,FIN1014469,0.0
4942,FIN1014470,0.0
4943,FIN1014471,0.0
4944,FIN1014472,1.0
4945,FIN1014473,0.0
4946,FIN1014474,1.0
4947,FIN1014475,1.0
4948,FIN1014476,0.0
4949,FIN1014477,0.0
4950,FIN1014478,0.0
4951,FIN1014479,0.0
4952,FIN1014480,1.0
4953,FIN1014481,1.0
4954,FIN1014482,1.0
4955,FIN1014483,1.0
4956,FIN1014484,0.0
4957,FIN1014485,0.0
4958,FIN1014486,0.0
4959,FIN1014487,0.0
4960,FIN1014488,0.0
4961,FIN1014489,0.0
4962,FIN1014490,0.0
4963,FIN1014491,0.0
4964,FIN1014492,0.0
4965,FIN1014493,0.0
4966,FIN1014494,0.0
4967,FIN1014495,1.0
4968,FIN1014496,0.0
4969,FIN1014497,0.0
4970,FIN1014498,0.0
4971,FIN1014499,0.0
4972,FIN1014500,0.0
4973,FIN1014501,0.0
4974,FIN1014502,0.0
4975,FIN1014503,0.0
4976,FIN1014504,0.0
4977,FIN1014505,0.0
4978,FIN1014506,0.0
4979,FIN1014507,1.0
4980,FIN1014508,1.0
4981,FIN1014509,0.0
4982,FIN1014510,0.0
4983,FIN1014511,0.0
4984,FIN1014512,0.0
4985,FIN1014513,1.0
4986,FIN1014514,0.0
4987,FIN1014515,1.0
4988,FIN1014516,0.0
4989,FIN1014517,0.0
4990,FIN1014518,1.0
4991,FIN1014519,0.0
4992,FIN1014520,0.0
4993,FIN1014521,1.0
4994,FIN1014522,0.0
4995,FIN1014523,0.0
4996,FIN1014524,0.0
4997,FIN1014525,1.0
4998,FIN1014526,0.0
4999,FIN1014527,0.0
5000,FIN1014528,0.0
5001,FIN1014529,1.0
5002,FIN1014530,1.0
5003,FIN1014531,0.0
5004,FIN1014532,1.0
5005,FIN1014533,0.0
5006,FIN1014534,0.0
5007,FIN1014535,0.0
5008,FIN1014536,0.0
5009,FIN1014537,0.0
5010,FIN1014538,0.0
5011,FIN1014539,0.0
5012,FIN1014540,0.0
5013,FIN1014541,1.0
5014,FIN1014542,1.0
5015,FIN1014543,0.0
5016,FIN1014544,1.0
5017,FIN1014545,1.0
5018,FIN1014546,0.0
5019,FIN1014547,0.0
5020,FIN1014548,0.0
5021,FIN1014549,0.0
5022,FIN1014550,0.0
5023,FIN1014551,1.0
5024,FIN1014552,0.0
5025,FIN1014553,0.0
5026,FIN1014554,0.0
5027,FIN1014555,0.0
5028,FIN1014556,0.0
5029,FIN1014557,1.0
5030,FIN1014558,1.0
5031,FIN1014559,0.0
5032,FIN1014560,0.0
5033,FIN1014561,0.0
5034,FIN1014562,0.0
5035,FIN1014563,0.0
5036,FIN1014564,1.0
5037,FIN1014565,1.0
5038,FIN1014566,0.0
5039,FIN1014567,0.0
5040,FIN1014568,1.0
5041,FIN1014569,1.0
5042,FIN1014570,0.0
5043,FIN1014571,1.0
5044,FIN1014572,0.0
